go_id	name
GO:0000015	phosphopyruvate hydratase complex
GO:0000027	ribosomal large subunit assembly
GO:0000028	ribosomal small subunit assembly
GO:0000030	mannosyltransferase activity
GO:0000035	acyl binding
GO:0000036	acyl carrier activity
GO:0000041	transition metal ion transport
GO:0000049	tRNA binding
GO:0000050	urea cycle
GO:0000053	GO:0000053
GO:0000103	sulfate assimilation
GO:0000105	L-histidine biosynthetic process
GO:0000107	imidazoleglycerol-phosphate synthase activity
GO:0000150	DNA strand exchange activity
GO:0000155	phosphorelay sensor kinase activity
GO:0000156	phosphorelay response regulator activity
GO:0000160	phosphorelay signal transduction system
GO:0000162	L-tryptophan biosynthetic process
GO:0000166	nucleotide binding
GO:0000175	3'-5'-RNA exonuclease activity
GO:0000210	NAD+ diphosphatase activity
GO:0000256	allantoin catabolic process
GO:0000270	peptidoglycan metabolic process
GO:0000271	polysaccharide biosynthetic process
GO:0000272	polysaccharide catabolic process
GO:0000286	L-alanine dehydrogenase (NAD+) activity
GO:0000287	magnesium ion binding
GO:0000400	four-way junction DNA binding
GO:0000428	DNA-directed RNA polymerase complex
GO:0000455	enzyme-directed rRNA pseudouridine synthesis
GO:0000701	purine-specific mismatch base pair DNA N-glycosylase activity
GO:0000716	transcription-coupled nucleotide-excision repair, DNA damage recognition
GO:0000725	recombinational repair
GO:0000731	DNA synthesis involved in DNA repair
GO:0000774	adenyl-nucleotide exchange factor activity
GO:0000902	cell morphogenesis
GO:0000906	6,7-dimethyl-8-ribityllumazine synthase activity
GO:0000910	cytokinesis
GO:0000917	division septum assembly
GO:0000932	P-body
GO:0000967	rRNA 5'-end processing
GO:0000976	transcription cis-regulatory region binding
GO:0001046	core promoter sequence-specific DNA binding
GO:0001067	transcription regulatory region nucleic acid binding
GO:0001217	DNA-binding transcription repressor activity
GO:0001508	action potential
GO:0001510	RNA methylation
GO:0001522	pseudouridine synthesis
GO:0001682	tRNA 5'-leader removal
GO:0001731	formation of translation preinitiation complex
GO:0002055	adenine binding
GO:0002098	tRNA wobble uridine modification
GO:0002100	tRNA wobble adenosine to inosine editing
GO:0002128	tRNA nucleoside ribose methylation
GO:0002130	wobble position ribose methylation
GO:0002134	UTP binding
GO:0002143	tRNA wobble position uridine thiolation
GO:0002161	aminoacyl-tRNA deacylase activity
GO:0002181	cytoplasmic translation
GO:0002188	translation reinitiation
GO:0002189	ribose phosphate diphosphokinase complex
GO:0002935	tRNA (adenine(37)-C2)-methyltransferase activity
GO:0002939	tRNA N1-guanine methylation
GO:0002949	tRNA threonylcarbamoyladenosine modification
GO:0003674	molecular_function
GO:0003676	nucleic acid binding
GO:0003677	DNA binding
GO:0003678	DNA helicase activity
GO:0003684	damaged DNA binding
GO:0003688	DNA replication origin binding
GO:0003690	double-stranded DNA binding
GO:0003697	single-stranded DNA binding
GO:0003700	DNA-binding transcription factor activity
GO:0003723	RNA binding
GO:0003724	RNA helicase activity
GO:0003725	double-stranded RNA binding
GO:0003727	single-stranded RNA binding
GO:0003729	mRNA binding
GO:0003730	mRNA 3'-UTR binding
GO:0003735	structural constituent of ribosome
GO:0003743	translation initiation factor activity
GO:0003746	translation elongation factor activity
GO:0003755	peptidyl-prolyl cis-trans isomerase activity
GO:0003756	protein disulfide isomerase activity
GO:0003824	catalytic activity
GO:0003839	gamma-glutamylcyclotransferase activity
GO:0003841	1-acylglycerol-3-phosphate O-acyltransferase activity
GO:0003842	L-glutamate gamma-semialdehyde dehydrogenase activity
GO:0003844	1,4-alpha-glucan branching enzyme activity
GO:0003847	1-alkyl-2-acetylglycerophosphocholine esterase activity
GO:0003848	2-amino-4-hydroxy-6-hydroxymethyldihydropteridine diphosphokinase activity
GO:0003849	3-deoxy-7-phosphoheptulonate synthase activity
GO:0003852	2-isopropylmalate synthase activity
GO:0003855	3-dehydroquinate dehydratase activity
GO:0003856	3-dehydroquinate synthase activity
GO:0003857	(3S)-3-hydroxyacyl-CoA dehydrogenase (NAD+) activity
GO:0003861	3-isopropylmalate dehydratase activity
GO:0003862	3-isopropylmalate dehydrogenase activity
GO:0003864	3-methyl-2-oxobutanoate hydroxymethyltransferase activity
GO:0003866	3-phosphoshikimate 1-carboxyvinyltransferase activity
GO:0003868	4-hydroxyphenylpyruvate dioxygenase activity
GO:0003872	6-phosphofructokinase activity
GO:0003879	ATP phosphoribosyltransferase activity
GO:0003883	CTP synthase activity
GO:0003886	DNA (cytosine-5-)-methyltransferase activity
GO:0003887	DNA-directed DNA polymerase activity
GO:0003899	DNA-directed RNA polymerase activity
GO:0003904	deoxyribodipyrimidine photo-lyase activity
GO:0003905	alkylbase DNA N-glycosylase activity
GO:0003908	methylated-DNA-[protein]-cysteine S-methyltransferase activity
GO:0003911	DNA ligase (NAD+) activity
GO:0003913	DNA photolyase activity
GO:0003917	DNA topoisomerase type I (single strand cut, ATP-independent) activity
GO:0003919	FMN adenylyltransferase activity
GO:0003921	GMP synthase activity
GO:0003924	GTPase activity
GO:0003934	GTP cyclohydrolase I activity
GO:0003935	GTP cyclohydrolase II activity
GO:0003937	IMP cyclohydrolase activity
GO:0003938	IMP dehydrogenase activity
GO:0003939	L-iditol 2-dehydrogenase (NAD+) activity
GO:0003941	L-serine ammonia-lyase activity
GO:0003942	N-acetyl-gamma-glutamyl-phosphate reductase activity
GO:0003949	1-(5-phosphoribosyl)-5-[(5-phosphoribosylamino)methylideneamino]imidazole-4-carboxamide isomerase activity
GO:0003951	NAD+ kinase activity
GO:0003952	NAD+ synthase (glutamine-hydrolyzing) activity
GO:0003954	NADH dehydrogenase activity
GO:0003955	NAD(P)H dehydrogenase (quinone) activity
GO:0003959	NADPH dehydrogenase activity
GO:0003963	RNA-3'-phosphate cyclase activity
GO:0003964	RNA-directed DNA polymerase activity
GO:0003972	RNA ligase (ATP) activity
GO:0003973	(S)-2-hydroxy-acid oxidase activity
GO:0003977	UDP-N-acetylglucosamine diphosphorylase activity
GO:0003978	UDP-glucose 4-epimerase activity
GO:0003979	UDP-glucose 6-dehydrogenase activity
GO:0003983	UTP:glucose-1-phosphate uridylyltransferase activity
GO:0003984	acetolactate synthase activity
GO:0003985	acetyl-CoA C-acetyltransferase activity
GO:0003987	acetyl-CoA synthetase activity
GO:0003988	acetyl-CoA C-acyltransferase activity
GO:0003989	acetyl-CoA carboxylase activity
GO:0003991	acetylglutamate kinase activity
GO:0003992	N2-acetyl-L-ornithine:2-oxoglutarate 5-transaminase activity
GO:0003993	acid phosphatase activity
GO:0003994	aconitate hydratase activity
GO:0003995	acyl-CoA dehydrogenase activity
GO:0003998	acylphosphatase activity
GO:0003999	adenine phosphoribosyltransferase activity
GO:0004000	adenosine deaminase activity
GO:0004013	adenosylhomocysteinase activity
GO:0004015	S-adenosyl-L-methionine:8-amino-7-oxononanoate transaminase activity
GO:0004016	adenylate cyclase activity
GO:0004017	AMP kinase activity
GO:0004018	N6-(1,2-dicarboxyethyl)AMP AMP-lyase (fumarate-forming) activity
GO:0004019	adenylosuccinate synthase activity
GO:0004020	adenylylsulfate kinase activity
GO:0004022	alcohol dehydrogenase (NAD+) activity
GO:0004029	aldehyde dehydrogenase (NAD+) activity
GO:0004030	aldehyde dehydrogenase [NAD(P)+] activity
GO:0004035	alkaline phosphatase activity
GO:0004038	allantoinase activity
GO:0004040	amidase activity
GO:0004042	L-glutamate N-acetyltransferase activity, acting on acetyl-CoA as donor
GO:0004044	amidophosphoribosyltransferase activity
GO:0004045	peptidyl-tRNA hydrolase activity
GO:0004047	aminomethyltransferase activity
GO:0004048	anthranilate phosphoribosyltransferase activity
GO:0004049	anthranilate synthase activity
GO:0004055	argininosuccinate synthase activity
GO:0004056	argininosuccinate lyase activity
GO:0004058	aromatic-L-amino-acid decarboxylase activity
GO:0004061	arylformamidase activity
GO:0004065	arylsulfatase activity
GO:0004067	asparaginase activity
GO:0004068	aspartate 1-decarboxylase activity
GO:0004070	aspartate carbamoyltransferase activity
GO:0004072	aspartate kinase activity
GO:0004073	aspartate-semialdehyde dehydrogenase activity
GO:0004074	biliverdin reductase [NAD(P)H] activity
GO:0004075	biotin carboxylase activity
GO:0004076	biotin synthase activity
GO:0004087	carbamoyl-phosphate synthase (ammonia) activity
GO:0004088	carbamoyl-phosphate synthase (glutamine-hydrolyzing) activity
GO:0004089	carbonate dehydratase activity
GO:0004096	catalase activity
GO:0004106	chorismate mutase activity
GO:0004107	chorismate synthase activity
GO:0004109	coproporphyrinogen oxidase activity
GO:0004124	cysteine synthase activity
GO:0004129	cytochrome-c oxidase activity
GO:0004130	cytochrome-c peroxidase activity
GO:0004134	4-alpha-glucanotransferase activity
GO:0004135	amylo-alpha-1,6-glucosidase activity
GO:0004139	deoxyribose-phosphate aldolase activity
GO:0004140	dephospho-CoA kinase activity
GO:0004141	dethiobiotin synthase activity
GO:0004143	ATP-dependent diacylglycerol kinase activity
GO:0004148	dihydrolipoyl dehydrogenase (NADH) activity
GO:0004150	dihydroneopterin aldolase activity
GO:0004151	dihydroorotase activity
GO:0004156	dihydropteroate synthase activity
GO:0004160	dihydroxy-acid dehydratase activity
GO:0004161	dimethylallyltranstransferase activity
GO:0004167	dopachrome isomerase activity
GO:0004169	dolichyl-phosphate-mannose-protein mannosyltransferase activity
GO:0004175	endopeptidase activity
GO:0004176	ATP-dependent peptidase activity
GO:0004177	aminopeptidase activity
GO:0004180	carboxypeptidase activity
GO:0004181	metallocarboxypeptidase activity
GO:0004185	serine-type carboxypeptidase activity
GO:0004190	aspartic-type endopeptidase activity
GO:0004197	cysteine-type endopeptidase activity
GO:0004222	metalloendopeptidase activity
GO:0004239	initiator methionyl aminopeptidase activity
GO:0004252	serine-type endopeptidase activity
GO:0004301	epoxide hydrolase activity
GO:0004309	exopolyphosphatase activity
GO:0004311	geranylgeranyl diphosphate synthase activity
GO:0004312	fatty acid synthase activity
GO:0004314	[acyl-carrier-protein] S-malonyltransferase activity
GO:0004315	3-oxoacyl-[acyl-carrier-protein] synthase activity
GO:0004316	3-oxoacyl-[acyl-carrier-protein] reductase (NADPH) activity
GO:0004318	enoyl-[acyl-carrier-protein] reductase (NADH) activity
GO:0004322	ferroxidase activity
GO:0004324	ferredoxin-NADP+ reductase activity
GO:0004325	protoporphyrin ferrochelatase activity
GO:0004326	tetrahydrofolylpolyglutamate synthase activity
GO:0004328	formamidase activity
GO:0004332	fructose-bisphosphate aldolase activity
GO:0004333	fumarate hydratase activity
GO:0004334	fumarylacetoacetase activity
GO:0004340	glucokinase activity
GO:0004341	gluconolactonase activity
GO:0004342	glucosamine-6-phosphate deaminase activity
GO:0004345	glucose-6-phosphate dehydrogenase activity
GO:0004347	glucose-6-phosphate isomerase activity
GO:0004348	glucosylceramidase activity
GO:0004349	glutamate 5-kinase activity
GO:0004350	glutamate-5-semialdehyde dehydrogenase activity
GO:0004352	L-glutamate dehydrogenase (NAD+) activity
GO:0004355	glutamate synthase (NADPH) activity
GO:0004356	glutamine synthetase activity
GO:0004357	glutamate-cysteine ligase activity
GO:0004358	L-glutamate N-acetyltransferase activity, acting on acetyl-L-ornithine as donor
GO:0004359	glutaminase activity
GO:0004360	L-glutamine:D-fructose-6-phosphate transaminase (isomerizing) activity
GO:0004362	glutathione-disulfide reductase (NADPH) activity
GO:0004363	glutathione synthase activity
GO:0004364	glutathione transferase activity
GO:0004365	glyceraldehyde-3-phosphate dehydrogenase (NAD+) (phosphorylating) activity
GO:0004370	glycerol kinase activity
GO:0004371	glycerone kinase activity
GO:0004372	glycine hydroxymethyltransferase activity
GO:0004373	alpha-1,4-glucan glucosyltransferase (UDP-glucose donor) activity
GO:0004385	GMP kinase activity
GO:0004386	helicase activity
GO:0004392	heme oxygenase (decyclizing) activity
GO:0004398	histidine decarboxylase activity
GO:0004399	histidinol dehydrogenase activity
GO:0004400	L-histidinol-phosphate:2-oxoglutarate transaminase activity
GO:0004407	histone deacetylase activity
GO:0004410	homocitrate synthase activity
GO:0004411	homogentisate 1,2-dioxygenase activity
GO:0004413	homoserine kinase activity
GO:0004416	hydroxyacylglutathione hydrolase activity
GO:0004418	hydroxymethylbilane synthase activity
GO:0004424	imidazoleglycerol-phosphate dehydratase activity
GO:0004425	indole-3-glycerol-phosphate synthase activity
GO:0004427	inorganic diphosphate phosphatase activity
GO:0004450	isocitrate dehydrogenase (NADP+) activity
GO:0004452	isopentenyl-diphosphate delta-isomerase activity
GO:0004455	ketol-acid reductoisomerase activity
GO:0004458	D-lactate dehydrogenase (cytochrome) activity
GO:0004459	L-lactate dehydrogenase (NAD+) activity
GO:0004462	lactoylglutathione lyase activity
GO:0004466	long-chain fatty acyl-CoA dehydrogenase activity
GO:0004467	long-chain fatty acid-CoA ligase activity
GO:0004470	malic enzyme activity
GO:0004475	mannose-1-phosphate guanylyltransferase (GTP) activity
GO:0004477	methenyltetrahydrofolate cyclohydrolase activity
GO:0004478	methionine adenosyltransferase activity
GO:0004479	methionyl-tRNA formyltransferase activity
GO:0004488	methylenetetrahydrofolate dehydrogenase (NADP+) activity
GO:0004493	methylmalonyl-CoA epimerase activity
GO:0004497	monooxygenase activity
GO:0004499	N,N-dimethylaniline monooxygenase activity
GO:0004514	nicotinate-nucleotide diphosphorylase (carboxylating) activity
GO:0004515	nicotinate-nucleotide adenylyltransferase activity
GO:0004516	nicotinate phosphoribosyltransferase activity
GO:0004517	nitric-oxide synthase activity
GO:0004518	nuclease activity
GO:0004519	endonuclease activity
GO:0004520	DNA endonuclease activity
GO:0004521	RNA endonuclease activity
GO:0004523	RNA-DNA hybrid ribonuclease activity
GO:0004525	ribonuclease III activity
GO:0004526	ribonuclease P activity
GO:0004527	exonuclease activity
GO:0004534	5'-3' RNA exonuclease activity
GO:0004536	DNA nuclease activity
GO:0004540	RNA nuclease activity
GO:0004550	nucleoside diphosphate kinase activity
GO:0004553	hydrolase activity, hydrolyzing O-glycosyl compounds
GO:0004556	alpha-amylase activity
GO:0004563	beta-N-acetylhexosaminidase activity
GO:0004568	chitinase activity
GO:0004573	Glc3Man9GlcNAc2 oligosaccharide glucosidase activity
GO:0004575	sucrose alpha-glucosidase activity
GO:0004577	N-acetylglucosaminyldiphosphodolichol N-acetylglucosaminyltransferase activity
GO:0004582	dolichyl-phosphate beta-D-mannosyltransferase activity
GO:0004585	ornithine carbamoyltransferase activity
GO:0004588	orotate phosphoribosyltransferase activity
GO:0004590	orotidine-5'-phosphate decarboxylase activity
GO:0004592	pantoate-beta-alanine ligase activity
GO:0004595	pantetheine-phosphate adenylyltransferase activity
GO:0004601	peroxidase activity
GO:0004604	phosphoadenylyl-sulfate reductase (thioredoxin) activity
GO:0004605	phosphatidate cytidylyltransferase activity
GO:0004615	phosphomannomutase activity
GO:0004616	phosphogluconate dehydrogenase (decarboxylating) activity
GO:0004617	phosphoglycerate dehydrogenase activity
GO:0004618	phosphoglycerate kinase activity
GO:0004619	phosphoglycerate mutase activity
GO:0004622	phosphatidylcholine lysophospholipase A1 activity
GO:0004630	D-type glycerophospholipase activity
GO:0004632	phosphopantothenate--cysteine ligase activity
GO:0004633	phosphopantothenoylcysteine decarboxylase activity
GO:0004634	phosphopyruvate hydratase activity
GO:0004635	phosphoribosyl-AMP cyclohydrolase activity
GO:0004636	phosphoribosyl-ATP diphosphatase activity
GO:0004637	phosphoribosylamine-glycine ligase activity
GO:0004639	phosphoribosylaminoimidazolesuccinocarboxamide synthase activity
GO:0004640	phosphoribosylanthranilate isomerase activity
GO:0004641	phosphoribosylformylglycinamidine cyclo-ligase activity
GO:0004642	phosphoribosylformylglycinamidine synthase activity
GO:0004643	phosphoribosylaminoimidazolecarboxamide formyltransferase activity
GO:0004644	phosphoribosylglycinamide formyltransferase activity
GO:0004654	polyribonucleotide nucleotidyltransferase activity
GO:0004655	porphobilinogen synthase activity
GO:0004657	proline dehydrogenase activity
GO:0004659	prenyltransferase activity
GO:0004664	prephenate dehydratase activity
GO:0004665	prephenate dehydrogenase (NADP+) activity
GO:0004666	prostaglandin-endoperoxide synthase activity
GO:0004671	protein C-terminal S-isoprenylcysteine carboxyl O-methyltransferase activity
GO:0004672	protein kinase activity
GO:0004673	protein histidine kinase activity
GO:0004674	protein serine/threonine kinase activity
GO:0004712	protein serine/threonine/tyrosine kinase activity
GO:0004713	protein tyrosine kinase activity
GO:0004715	non-membrane spanning protein tyrosine kinase activity
GO:0004721	phosphoprotein phosphatase activity
GO:0004725	protein tyrosine phosphatase activity
GO:0004733	pyridoxamine phosphate oxidase activity
GO:0004735	pyrroline-5-carboxylate reductase activity
GO:0004739	pyruvate dehydrogenase (acetyl-transferring) activity
GO:0004742	dihydrolipoyllysine-residue acetyltransferase activity
GO:0004743	pyruvate kinase activity
GO:0004746	riboflavin synthase activity
GO:0004747	ribokinase activity
GO:0004748	ribonucleoside-diphosphate reductase activity, thioredoxin disulfide as acceptor
GO:0004749	ribose phosphate diphosphokinase activity
GO:0004750	D-ribulose-phosphate 3-epimerase activity
GO:0004751	ribose-5-phosphate isomerase activity
GO:0004756	selenide, water dikinase activity
GO:0004760	L-serine:pyruvate transaminase activity
GO:0004764	shikimate 3-dehydrogenase (NADP+) activity
GO:0004765	shikimate kinase activity
GO:0004775	succinate-CoA ligase (ADP-forming) activity
GO:0004776	succinate-CoA ligase (GDP-forming) activity
GO:0004777	succinate-semialdehyde dehydrogenase (NAD+) activity
GO:0004781	sulfate adenylyltransferase (ATP) activity
GO:0004784	superoxide dismutase activity
GO:0004789	thiamine-phosphate diphosphorylase activity
GO:0004791	thioredoxin-disulfide reductase (NADPH) activity
GO:0004792	thiosulfate-cyanide sulfurtransferase activity
GO:0004794	threonine deaminase activity
GO:0004795	threonine synthase activity
GO:0004798	dTMP kinase activity
GO:0004799	thymidylate synthase activity
GO:0004801	transaldolase activity
GO:0004802	transketolase activity
GO:0004803	transposase activity
GO:0004807	triose-phosphate isomerase activity
GO:0004814	arginine-tRNA ligase activity
GO:0004815	aspartate-tRNA ligase activity
GO:0004816	asparagine-tRNA ligase activity
GO:0004817	cysteine-tRNA ligase activity
GO:0004818	glutamate-tRNA ligase activity
GO:0004820	glycine-tRNA ligase activity
GO:0004821	histidine-tRNA ligase activity
GO:0004822	isoleucine-tRNA ligase activity
GO:0004823	leucine-tRNA ligase activity
GO:0004824	lysine-tRNA ligase activity
GO:0004825	methionine-tRNA ligase activity
GO:0004826	phenylalanine-tRNA ligase activity
GO:0004827	proline-tRNA ligase activity
GO:0004828	serine-tRNA ligase activity
GO:0004829	threonine-tRNA ligase activity
GO:0004830	tryptophan-tRNA ligase activity
GO:0004831	tyrosine-tRNA ligase activity
GO:0004832	valine-tRNA ligase activity
GO:0004834	tryptophan synthase activity
GO:0004844	uracil DNA N-glycosylase activity
GO:0004845	uracil phosphoribosyltransferase activity
GO:0004848	ureidoglycolate hydrolase activity
GO:0004850	uridine phosphorylase activity
GO:0004851	uroporphyrin-III C-methyltransferase activity
GO:0004852	uroporphyrinogen-III synthase activity
GO:0004853	uroporphyrinogen decarboxylase activity
GO:0004856	D-xylulokinase activity
GO:0004860	protein kinase inhibitor activity
GO:0004866	endopeptidase inhibitor activity
GO:0004930	G protein-coupled receptor activity
GO:0005047	signal recognition particle binding
GO:0005125	cytokine activity
GO:0005198	structural molecule activity
GO:0005215	transporter activity
GO:0005216	monoatomic ion channel activity
GO:0005247	voltage-gated chloride channel activity
GO:0005249	voltage-gated potassium channel activity
GO:0005253	monoatomic anion channel activity
GO:0005262	calcium channel activity
GO:0005283	amino acid:sodium symporter activity
GO:0005304	L-valine transmembrane transporter activity
GO:0005315	phosphate transmembrane transporter activity
GO:0005344	oxygen carrier activity
GO:0005345	purine nucleobase transmembrane transporter activity
GO:0005385	zinc ion transmembrane transporter activity
GO:0005391	P-type sodium:potassium-exchanging transporter activity
GO:0005488	binding
GO:0005506	iron ion binding
GO:0005507	copper ion binding
GO:0005509	calcium ion binding
GO:0005515	protein binding
GO:0005524	ATP binding
GO:0005525	GTP binding
GO:0005536	D-glucose binding
GO:0005539	glycosaminoglycan binding
GO:0005543	phospholipid binding
GO:0005548	GO:0005548
GO:0005575	cellular_component
GO:0005576	extracellular region
GO:0005615	GO:0005615
GO:0005622	intracellular anatomical structure
GO:0005694	chromosome
GO:0005737	cytoplasm
GO:0005829	cytosol
GO:0005840	ribosome
GO:0005886	plasma membrane
GO:0005945	6-phosphofructokinase complex
GO:0005948	acetolactate synthase complex
GO:0005960	glycine cleavage complex
GO:0005975	carbohydrate metabolic process
GO:0005976	polysaccharide metabolic process
GO:0005977	glycogen metabolic process
GO:0005978	glycogen biosynthetic process
GO:0005980	glycogen catabolic process
GO:0005985	sucrose metabolic process
GO:0005986	sucrose biosynthetic process
GO:0005987	sucrose catabolic process
GO:0005992	trehalose biosynthetic process
GO:0005997	xylulose metabolic process
GO:0005998	xylulose catabolic process
GO:0006000	fructose metabolic process
GO:0006002	fructose 6-phosphate metabolic process
GO:0006006	glucose metabolic process
GO:0006007	glucose catabolic process
GO:0006011	UDP-alpha-D-glucose metabolic process
GO:0006012	galactose metabolic process
GO:0006014	D-ribose metabolic process
GO:0006015	5-phosphoribose 1-diphosphate biosynthetic process
GO:0006018	2-deoxyribose 1-phosphate catabolic process
GO:0006020	inositol metabolic process
GO:0006026	aminoglycan catabolic process
GO:0006027	glycosaminoglycan catabolic process
GO:0006030	chitin metabolic process
GO:0006040	amino sugar metabolic process
GO:0006043	D-glucosamine catabolic process
GO:0006046	N-acetylglucosamine catabolic process
GO:0006047	UDP-N-acetylglucosamine metabolic process
GO:0006048	UDP-N-acetylglucosamine biosynthetic process
GO:0006053	N-acetylmannosamine catabolic process
GO:0006065	UDP-glucuronate biosynthetic process
GO:0006071	glycerol metabolic process
GO:0006072	glycerol-3-phosphate metabolic process
GO:0006081	aldehyde metabolic process
GO:0006083	acetate metabolic process
GO:0006085	acetyl-CoA biosynthetic process
GO:0006086	pyruvate decarboxylation to acetyl-CoA
GO:0006089	lactate metabolic process
GO:0006091	generation of precursor metabolites and energy
GO:0006094	gluconeogenesis
GO:0006096	glycolytic process
GO:0006097	glyoxylate cycle
GO:0006098	pentose-phosphate shunt
GO:0006099	tricarboxylic acid cycle
GO:0006103	2-oxoglutarate metabolic process
GO:0006104	succinyl-CoA metabolic process
GO:0006106	fumarate metabolic process
GO:0006107	oxaloacetate metabolic process
GO:0006108	malate metabolic process
GO:0006119	oxidative phosphorylation
GO:0006139	nucleobase-containing compound metabolic process
GO:0006144	purine nucleobase metabolic process
GO:0006145	purine nucleobase catabolic process
GO:0006152	purine nucleoside catabolic process
GO:0006154	adenosine catabolic process
GO:0006163	purine nucleotide metabolic process
GO:0006164	purine nucleotide biosynthetic process
GO:0006166	purine ribonucleoside salvage
GO:0006168	adenine salvage
GO:0006171	cAMP biosynthetic process
GO:0006183	GTP biosynthetic process
GO:0006189	'de novo' IMP biosynthetic process
GO:0006203	dGTP catabolic process
GO:0006207	'de novo' pyrimidine nucleobase biosynthetic process
GO:0006220	pyrimidine nucleotide metabolic process
GO:0006221	pyrimidine nucleotide biosynthetic process
GO:0006223	uracil salvage
GO:0006225	UDP biosynthetic process
GO:0006227	dUDP biosynthetic process
GO:0006228	UTP biosynthetic process
GO:0006231	dTMP biosynthetic process
GO:0006233	dTDP biosynthetic process
GO:0006235	dTTP biosynthetic process
GO:0006241	CTP biosynthetic process
GO:0006259	DNA metabolic process
GO:0006260	DNA replication
GO:0006261	DNA-templated DNA replication
GO:0006265	DNA topological change
GO:0006269	DNA replication, synthesis of primer
GO:0006270	DNA replication initiation
GO:0006271	DNA strand elongation involved in DNA replication
GO:0006275	regulation of DNA replication
GO:0006281	DNA repair
GO:0006284	base-excision repair
GO:0006285	base-excision repair, AP site formation
GO:0006289	nucleotide-excision repair
GO:0006298	mismatch repair
GO:0006302	double-strand break repair
GO:0006304	DNA modification
GO:0006307	DNA alkylation repair
GO:0006308	DNA catabolic process
GO:0006310	DNA recombination
GO:0006313	DNA transposition
GO:0006325	chromatin organization
GO:0006351	DNA-templated transcription
GO:0006352	DNA-templated transcription initiation
GO:0006353	DNA-templated transcription termination
GO:0006354	DNA-templated transcription elongation
GO:0006355	regulation of DNA-templated transcription
GO:0006364	rRNA processing
GO:0006367	transcription initiation at RNA polymerase II promoter
GO:0006396	RNA processing
GO:0006397	mRNA processing
GO:0006400	tRNA modification
GO:0006401	RNA catabolic process
GO:0006402	mRNA catabolic process
GO:0006412	translation
GO:0006415	translational termination
GO:0006417	regulation of translation
GO:0006420	arginyl-tRNA aminoacylation
GO:0006421	asparaginyl-tRNA aminoacylation
GO:0006422	aspartyl-tRNA aminoacylation
GO:0006423	cysteinyl-tRNA aminoacylation
GO:0006424	glutamyl-tRNA aminoacylation
GO:0006426	glycyl-tRNA aminoacylation
GO:0006427	histidyl-tRNA aminoacylation
GO:0006428	isoleucyl-tRNA aminoacylation
GO:0006429	leucyl-tRNA aminoacylation
GO:0006430	lysyl-tRNA aminoacylation
GO:0006431	methionyl-tRNA aminoacylation
GO:0006432	phenylalanyl-tRNA aminoacylation
GO:0006433	prolyl-tRNA aminoacylation
GO:0006434	seryl-tRNA aminoacylation
GO:0006435	threonyl-tRNA aminoacylation
GO:0006436	tryptophanyl-tRNA aminoacylation
GO:0006437	tyrosyl-tRNA aminoacylation
GO:0006438	valyl-tRNA aminoacylation
GO:0006449	regulation of translational termination
GO:0006450	regulation of translational fidelity
GO:0006457	protein folding
GO:0006465	GO:0006465
GO:0006487	protein N-linked glycosylation
GO:0006488	dolichol-linked oligosaccharide biosynthetic process
GO:0006493	protein O-linked glycosylation
GO:0006506	GPI anchor biosynthetic process
GO:0006508	proteolysis
GO:0006515	protein quality control for misfolded or incompletely synthesized proteins
GO:0006518	peptide metabolic process
GO:0006520	amino acid metabolic process
GO:0006523	alanine biosynthetic process
GO:0006526	L-arginine biosynthetic process
GO:0006527	L-arginine catabolic process
GO:0006534	GO:0006534
GO:0006535	GO:0006535
GO:0006537	GO:0006537
GO:0006538	L-glutamate catabolic process
GO:0006541	L-glutamine metabolic process
GO:0006542	GO:0006542
GO:0006556	S-adenosylmethionine biosynthetic process
GO:0006559	L-phenylalanine catabolic process
GO:0006564	L-serine biosynthetic process
GO:0006565	L-serine catabolic process
GO:0006566	L-threonine metabolic process
GO:0006567	L-threonine catabolic process
GO:0006570	GO:0006570
GO:0006571	L-tyrosine biosynthetic process
GO:0006572	L-tyrosine catabolic process
GO:0006592	L-ornithine biosynthetic process
GO:0006598	polyamine catabolic process
GO:0006605	protein targeting
GO:0006614	SRP-dependent cotranslational protein targeting to membrane
GO:0006629	lipid metabolic process
GO:0006631	fatty acid metabolic process
GO:0006633	fatty acid biosynthetic process
GO:0006635	fatty acid beta-oxidation
GO:0006650	glycerophospholipid metabolic process
GO:0006654	phosphatidic acid biosynthetic process
GO:0006666	3-keto-sphinganine metabolic process
GO:0006680	glucosylceramide catabolic process
GO:0006729	tetrahydrobiopterin biosynthetic process
GO:0006730	one-carbon metabolic process
GO:0006740	NADPH regeneration
GO:0006741	NADP+ biosynthetic process
GO:0006742	NADP+ catabolic process
GO:0006743	ubiquinone metabolic process
GO:0006744	ubiquinone biosynthetic process
GO:0006747	FAD biosynthetic process
GO:0006749	glutathione metabolic process
GO:0006750	glutathione biosynthetic process
GO:0006751	glutathione catabolic process
GO:0006753	nucleoside phosphate metabolic process
GO:0006777	Mo-molybdopterin cofactor biosynthetic process
GO:0006779	porphyrin-containing compound biosynthetic process
GO:0006782	GO:0006782
GO:0006783	heme biosynthetic process
GO:0006784	heme A biosynthetic process
GO:0006788	heme oxidation
GO:0006793	phosphorus metabolic process
GO:0006796	phosphate-containing compound metabolic process
GO:0006797	polyphosphate metabolic process
GO:0006799	polyphosphate biosynthetic process
GO:0006808	regulation of nitrogen utilization
GO:0006809	nitric oxide biosynthetic process
GO:0006810	transport
GO:0006811	monoatomic ion transport
GO:0006812	monoatomic cation transport
GO:0006813	potassium ion transport
GO:0006814	sodium ion transport
GO:0006816	calcium ion transport
GO:0006817	phosphate ion transport
GO:0006824	cobalt ion transport
GO:0006825	copper ion transport
GO:0006826	iron ion transport
GO:0006865	amino acid transport
GO:0006874	intracellular calcium ion homeostasis
GO:0006882	intracellular zinc ion homeostasis
GO:0006883	intracellular sodium ion homeostasis
GO:0006886	intracellular protein transport
GO:0006935	chemotaxis
GO:0006950	response to stress
GO:0006974	DNA damage response
GO:0006979	response to oxidative stress
GO:0007059	chromosome segregation
GO:0007154	cell communication
GO:0007155	cell adhesion
GO:0007165	signal transduction
GO:0007167	enzyme-linked receptor protein signaling pathway
GO:0007231	osmosensory signaling pathway
GO:0007234	osmosensory signaling via phosphorelay pathway
GO:0007623	circadian rhythm
GO:0008033	tRNA processing
GO:0008047	enzyme activator activity
GO:0008076	voltage-gated potassium channel complex
GO:0008080	N-acetyltransferase activity
GO:0008081	phosphoric diester hydrolase activity
GO:0008097	5S rRNA binding
GO:0008106	alcohol dehydrogenase (NADP+) activity
GO:0008108	UDP-glucose:hexose-1-phosphate uridylyltransferase activity
GO:0008113	peptide-methionine (S)-S-oxide reductase activity
GO:0008115	sarcosine oxidase activity
GO:0008124	4-alpha-hydroxytetrahydrobiopterin dehydratase activity
GO:0008137	NADH dehydrogenase (ubiquinone) activity
GO:0008146	sulfotransferase activity
GO:0008150	biological_process
GO:0008152	metabolic process
GO:0008168	methyltransferase activity
GO:0008170	N-methyltransferase activity
GO:0008171	O-methyltransferase activity
GO:0008173	RNA methyltransferase activity
GO:0008176	tRNA (guanine(46)-N7)-methyltransferase activity
GO:0008177	succinate dehydrogenase (quinone) activity
GO:0008184	glycogen phosphorylase activity
GO:0008186	ATP-dependent activity, acting on RNA
GO:0008194	UDP-glycosyltransferase activity
GO:0008198	ferrous iron binding
GO:0008199	ferric iron binding
GO:0008202	steroid metabolic process
GO:0008233	peptidase activity
GO:0008234	cysteine-type peptidase activity
GO:0008235	metalloexopeptidase activity
GO:0008236	serine-type peptidase activity
GO:0008237	metallopeptidase activity
GO:0008238	exopeptidase activity
GO:0008239	dipeptidyl-peptidase activity
GO:0008241	peptidyl-dipeptidase activity
GO:0008253	5'-nucleotidase activity
GO:0008254	3'-nucleotidase activity
GO:0008263	pyrimidine-specific mismatch base pair DNA N-glycosylase activity
GO:0008270	zinc ion binding
GO:0008273	calcium, potassium:sodium antiporter activity
GO:0008276	protein methyltransferase activity
GO:0008289	lipid binding
GO:0008295	spermidine biosynthetic process
GO:0008299	isoprenoid biosynthetic process
GO:0008311	double-stranded DNA 3'-5' DNA exonuclease activity
GO:0008312	7S RNA binding
GO:0008320	transmembrane protein transporter activity
GO:0008324	monoatomic cation transmembrane transporter activity
GO:0008360	regulation of cell shape
GO:0008379	thioredoxin peroxidase activity
GO:0008381	mechanosensitive monoatomic ion channel activity
GO:0008408	3'-5' exonuclease activity
GO:0008409	5'-3' exonuclease activity
GO:0008412	4-hydroxybenzoate polyprenyltransferase activity
GO:0008413	8-oxo-7,8-dihydroguanosine triphosphate pyrophosphatase activity
GO:0008422	beta-glucosidase activity
GO:0008430	selenium binding
GO:0008441	3'(2'),5'-bisphosphate nucleotidase activity
GO:0008444	CDP-diacylglycerol-glycerol-3-phosphate 3-phosphatidyltransferase activity
GO:0008446	GDP-mannose 4,6-dehydratase activity
GO:0008448	N-acetylglucosamine-6-phosphate deacetylase activity
GO:0008449	N-acetylglucosamine-6-sulfatase activity
GO:0008453	L-alanine:glyoxylate transaminase activity
GO:0008460	dTDP-glucose 4,6-dehydratase activity
GO:0008473	ornithine cyclodeaminase activity
GO:0008477	purine nucleosidase activity
GO:0008479	tRNA-guanosine(34) queuine transglycosylase activity
GO:0008483	transaminase activity
GO:0008495	protoheme IX farnesyltransferase activity
GO:0008531	riboflavin kinase activity
GO:0008556	P-type potassium transmembrane transporter activity
GO:0008564	protein-exporting ATPase activity
GO:0008610	lipid biosynthetic process
GO:0008615	pyridoxine biosynthetic process
GO:0008616	tRNA queuosine(34) biosynthetic process
GO:0008641	ubiquitin-like modifier activating enzyme activity
GO:0008643	carbohydrate transport
GO:0008649	rRNA methyltransferase activity
GO:0008652	amino acid biosynthetic process
GO:0008653	lipopolysaccharide metabolic process
GO:0008654	phospholipid biosynthetic process
GO:0008658	penicillin binding
GO:0008661	1-deoxy-D-xylulose-5-phosphate synthase activity
GO:0008675	2-dehydro-3-deoxy-phosphogluconate aldolase activity
GO:0008676	3-deoxy-8-phosphooctulonate synthase activity
GO:0008677	2-dehydropantoate 2-reductase activity
GO:0008685	2-C-methyl-D-erythritol 2,4-cyclodiphosphate synthase activity
GO:0008686	3,4-dihydroxy-2-butanone-4-phosphate synthase activity
GO:0008690	3-deoxy-manno-octulosonate cytidylyltransferase activity
GO:0008691	3-hydroxybutyryl-CoA dehydrogenase activity
GO:0008694	4-hydroxy-3-polyprenylbenzoate decarboxylase activity
GO:0008700	(R,S)-4-hydroxy-2-oxoglutarate aldolase activity
GO:0008701	4-hydroxy-2-oxovalerate aldolase activity
GO:0008703	5-amino-6-(5-phosphoribosylamino)uracil reductase activity
GO:0008705	methionine synthase activity
GO:0008710	8-amino-7-oxononanoate synthase activity
GO:0008713	ADP-heptose-lipopolysaccharide heptosyltransferase activity
GO:0008716	D-alanine-D-alanine ligase activity
GO:0008728	GTP diphosphokinase activity
GO:0008734	L-aspartate oxidase activity
GO:0008743	L-threonine 3-dehydrogenase activity
GO:0008745	N-acetylmuramoyl-L-alanine amidase activity
GO:0008750	proton-translocating NAD(P)+ transhydrogenase activity
GO:0008756	o-succinylbenzoate-CoA ligase activity
GO:0008757	S-adenosylmethionine-dependent methyltransferase activity
GO:0008758	UDP-2,3-diacylglucosamine hydrolase activity
GO:0008760	UDP-N-acetylglucosamine 1-carboxyvinyltransferase activity
GO:0008761	UDP-N-acetylglucosamine 2-epimerase activity
GO:0008762	UDP-N-acetylmuramate dehydrogenase activity
GO:0008763	UDP-N-acetylmuramate-L-alanine ligase activity
GO:0008764	UDP-N-acetylmuramoylalanine-D-glutamate ligase activity
GO:0008765	UDP-N-acetylmuramoylalanyl-D-glutamate-2,6-diaminopimelate ligase activity
GO:0008766	UDP-N-acetylmuramoylalanyl-D-glutamyl-2,6-diaminopimelate-D-alanyl-D-alanine ligase activity
GO:0008767	UDP-galactopyranose mutase activity
GO:0008776	acetate kinase activity
GO:0008781	N-acylneuraminate cytidylyltransferase activity
GO:0008783	agmatinase activity
GO:0008784	alanine racemase activity
GO:0008792	arginine decarboxylase activity
GO:0008794	arsenate reductase (glutaredoxin) activity
GO:0008795	NAD+ synthase activity
GO:0008797	aspartate ammonia-lyase activity
GO:0008800	beta-lactamase activity
GO:0008801	beta-phosphoglucomutase activity
GO:0008803	bis(5'-nucleosyl)-tetraphosphatase (symmetrical) activity
GO:0008812	choline dehydrogenase activity
GO:0008813	chorismate lyase activity
GO:0008817	corrinoid adenosyltransferase activity
GO:0008818	cobalamin 5'-phosphate synthase activity
GO:0008820	cobinamide phosphate guanylyltransferase activity
GO:0008821	crossover junction DNA endonuclease activity
GO:0008824	cyanate hydratase activity
GO:0008830	dTDP-4-dehydrorhamnose 3,5-epimerase activity
GO:0008831	dTDP-4-dehydrorhamnose reductase activity
GO:0008832	dGTPase activity
GO:0008835	diaminohydroxyphosphoribosylaminopyrimidine deaminase activity
GO:0008836	diaminopimelate decarboxylase activity
GO:0008837	diaminopimelate epimerase activity
GO:0008839	4-hydroxy-tetrahydrodipicolinate reductase activity
GO:0008840	4-hydroxy-tetrahydrodipicolinate synthase activity
GO:0008841	dihydrofolate synthase activity
GO:0008855	exodeoxyribonuclease VII activity
GO:0008859	exoribonuclease II activity
GO:0008870	galactoside O-acetyltransferase activity
GO:0008876	quinoprotein glucose dehydrogenase activity
GO:0008878	glucose-1-phosphate adenylyltransferase activity
GO:0008879	glucose-1-phosphate thymidylyltransferase activity
GO:0008881	glutamate racemase activity
GO:0008883	glutamyl-tRNA reductase activity
GO:0008887	glycerate kinase activity
GO:0008890	glycine C-acetyltransferase activity
GO:0008902	hydroxymethylpyrimidine kinase activity
GO:0008909	isochorismate synthase activity
GO:0008915	lipid-A-disaccharide synthase activity
GO:0008922	long-chain fatty acid [acyl-carrier-protein] ligase activity
GO:0008926	mannitol-1-phosphate 5-dehydrogenase activity
GO:0008929	methylglyoxal synthase activity
GO:0008932	lytic endotransglycosylase activity
GO:0008933	peptidoglycan lytic transglycosylase activity
GO:0008934	inositol monophosphate 1-phosphatase activity
GO:0008935	1,4-dihydroxy-2-naphthoyl-CoA synthase activity
GO:0008939	nicotinate-nucleotide-dimethylbenzimidazole phosphoribosyltransferase activity
GO:0008941	nitric oxide dioxygenase [NAD(P)H] activity
GO:0008942	nitrite reductase [NAD(P)H] activity
GO:0008955	peptidoglycan glycosyltransferase activity
GO:0008961	phosphatidylglycerol-prolipoprotein diacylglyceryl transferase activity
GO:0008962	phosphatidylglycerophosphatase activity
GO:0008963	phospho-N-acetylmuramoyl-pentapeptide-transferase activity
GO:0008964	phosphoenolpyruvate carboxylase activity
GO:0008965	phosphoenolpyruvate-protein phosphotransferase activity
GO:0008966	phosphoglucosamine mutase activity
GO:0008967	phosphoglycolate phosphatase activity
GO:0008972	phosphomethylpyrimidine kinase activity
GO:0008973	phosphopentomutase activity
GO:0008974	phosphoribulokinase activity
GO:0008976	polyphosphate kinase activity
GO:0008977	prephenate dehydrogenase (NAD+) activity
GO:0008983	protein-glutamate O-methyltransferase activity
GO:0008984	protein-glutamate methylesterase activity
GO:0008986	pyruvate, water dikinase activity
GO:0008987	quinolinate synthetase A activity
GO:0008990	rRNA (guanine-N2-)-methyltransferase activity
GO:0008998	ribonucleoside-triphosphate reductase (thioredoxin) activity
GO:0008999	protein-N-terminal-alanine acetyltransferase activity
GO:0009001	L-serine O-acetyltransferase activity
GO:0009002	serine-type D-Ala-D-Ala carboxypeptidase activity
GO:0009003	signal peptidase activity
GO:0009007	site-specific DNA-methyltransferase (adenine-specific) activity
GO:0009008	DNA-methyltransferase activity
GO:0009011	alpha-1,4-glucan glucosyltransferase (ADP-glucose donor) activity
GO:0009022	tRNA nucleotidyltransferase activity
GO:0009030	thiamine-phosphate kinase activity
GO:0009034	tryptophanase activity
GO:0009035	type I site-specific deoxyribonuclease activity
GO:0009039	urease activity
GO:0009042	L-valine:pyruvate transaminase activity
GO:0009051	pentose-phosphate shunt, oxidative branch
GO:0009052	pentose-phosphate shunt, non-oxidative branch
GO:0009055	electron transfer activity
GO:0009056	catabolic process
GO:0009057	macromolecule catabolic process
GO:0009060	aerobic respiration
GO:0009061	anaerobic respiration
GO:0009063	amino acid catabolic process
GO:0009067	aspartate family amino acid biosynthetic process
GO:0009073	aromatic amino acid biosynthetic process
GO:0009086	GO:0009086
GO:0009088	L-threonine biosynthetic process
GO:0009089	GO:0009089
GO:0009090	L-homoserine biosynthetic process
GO:0009094	L-phenylalanine biosynthetic process
GO:0009097	GO:0009097
GO:0009098	L-leucine biosynthetic process
GO:0009099	L-valine biosynthetic process
GO:0009101	glycoprotein biosynthetic process
GO:0009102	biotin biosynthetic process
GO:0009103	lipopolysaccharide biosynthetic process
GO:0009113	purine nucleobase biosynthetic process
GO:0009117	nucleotide metabolic process
GO:0009146	purine nucleoside triphosphate catabolic process
GO:0009152	purine ribonucleotide biosynthetic process
GO:0009156	ribonucleoside monophosphate biosynthetic process
GO:0009164	nucleoside catabolic process
GO:0009190	cyclic nucleotide biosynthetic process
GO:0009225	nucleotide-sugar metabolic process
GO:0009228	thiamine biosynthetic process
GO:0009229	thiamine diphosphate biosynthetic process
GO:0009231	riboflavin biosynthetic process
GO:0009233	menaquinone metabolic process
GO:0009234	menaquinone biosynthetic process
GO:0009236	cobalamin biosynthetic process
GO:0009239	enterobactin biosynthetic process
GO:0009243	O antigen biosynthetic process
GO:0009244	lipopolysaccharide core region biosynthetic process
GO:0009245	lipid A biosynthetic process
GO:0009247	glycolipid biosynthetic process
GO:0009249	protein lipoylation
GO:0009252	peptidoglycan biosynthetic process
GO:0009253	peptidoglycan catabolic process
GO:0009254	peptidoglycan turnover
GO:0009264	deoxyribonucleotide catabolic process
GO:0009267	cellular response to starvation
GO:0009273	peptidoglycan-based cell wall biogenesis
GO:0009279	cell outer membrane
GO:0009294	DNA-mediated transformation
GO:0009295	nucleoid
GO:0009298	GDP-mannose biosynthetic process
GO:0009306	protein secretion
GO:0009307	DNA restriction-modification system
GO:0009311	oligosaccharide metabolic process
GO:0009314	response to radiation
GO:0009317	acetyl-CoA carboxylase complex
GO:0009318	exodeoxyribonuclease VII complex
GO:0009328	phenylalanine-tRNA ligase complex
GO:0009330	DNA topoisomerase type II (double strand cut, ATP-hydrolyzing) complex
GO:0009337	sulfite reductase complex (NADPH)
GO:0009338	exodeoxyribonuclease V complex
GO:0009339	glycolate oxidase complex
GO:0009349	riboflavin synthase complex
GO:0009358	polyphosphate kinase complex
GO:0009360	DNA polymerase III complex
GO:0009361	succinate-CoA ligase complex (ADP-forming)
GO:0009366	enterobactin synthetase complex
GO:0009368	endopeptidase Clp complex
GO:0009376	HslUV protease complex
GO:0009378	four-way junction helicase activity
GO:0009379	Holliday junction helicase complex
GO:0009380	excinuclease repair complex
GO:0009381	excinuclease ABC activity
GO:0009396	folic acid-containing compound biosynthetic process
GO:0009398	FMN biosynthetic process
GO:0009401	phosphoenolpyruvate-dependent sugar phosphotransferase system
GO:0009404	toxin metabolic process
GO:0009408	response to heat
GO:0009409	response to cold
GO:0009411	response to UV
GO:0009416	response to light stimulus
GO:0009423	chorismate biosynthetic process
GO:0009432	SOS response
GO:0009435	NAD+ biosynthetic process
GO:0009440	cyanate catabolic process
GO:0009496	plastoquinol--plastocyanin reductase activity
GO:0009512	cytochrome b6f complex
GO:0009521	photosystem
GO:0009522	photosystem I
GO:0009523	photosystem II
GO:0009535	chloroplast thylakoid membrane
GO:0009538	photosystem I reaction center
GO:0009539	photosystem II reaction center
GO:0009579	thylakoid
GO:0009583	detection of light stimulus
GO:0009635	response to herbicide
GO:0009636	response to toxic substance
GO:0009654	photosystem II oxygen evolving complex
GO:0009690	cytokinin metabolic process
GO:0009697	salicylic acid biosynthetic process
GO:0009767	photosynthetic electron transport chain
GO:0009772	photosynthetic electron transport in photosystem II
GO:0009773	photosynthetic electron transport in photosystem I
GO:0009853	photorespiration
GO:0009881	photoreceptor activity
GO:0009898	cytoplasmic side of plasma membrane
GO:0009916	alternative oxidase activity
GO:0009927	histidine phosphotransfer kinase activity
GO:0009975	cyclase activity
GO:0009976	tocopherol cyclase activity
GO:0009977	proton motive force dependent protein transmembrane transporter activity
GO:0009982	pseudouridine synthase activity
GO:0009986	cell surface
GO:0009987	cellular process
GO:0010024	phytochromobilin biosynthetic process
GO:0010027	thylakoid membrane organization
GO:0010038	response to metal ion
GO:0010039	response to iron ion
GO:0010041	response to iron(III) ion
GO:0010043	response to zinc ion
GO:0010124	phenylacetate catabolic process
GO:0010133	GO:0010133
GO:0010134	GO:0010134
GO:0010181	FMN binding
GO:0010190	cytochrome b6f complex assembly
GO:0010206	photosystem II repair
GO:0010207	photosystem II assembly
GO:0010230	alternative respiration
GO:0010242	oxygen evolving activity
GO:0010275	NAD(P)H dehydrogenase complex assembly
GO:0010285	L,L-diaminopimelate:2-oxoglutarate transaminase activity
GO:0010411	xyloglucan metabolic process
GO:0010436	carotenoid dioxygenase activity
GO:0010467	gene expression
GO:0010468	regulation of gene expression
GO:0010992	ubiquitin recycling
GO:0012505	endomembrane system
GO:0015012	heparan sulfate proteoglycan biosynthetic process
GO:0015031	protein transport
GO:0015035	protein-disulfide reductase activity
GO:0015036	disulfide oxidoreductase activity
GO:0015038	glutathione disulfide oxidoreductase activity
GO:0015074	DNA integration
GO:0015078	proton transmembrane transporter activity
GO:0015079	potassium ion transmembrane transporter activity
GO:0015086	cadmium ion transmembrane transporter activity
GO:0015087	cobalt ion transmembrane transporter activity
GO:0015093	ferrous iron transmembrane transporter activity
GO:0015095	magnesium ion transmembrane transporter activity
GO:0015098	molybdate ion transmembrane transporter activity
GO:0015104	antimonite transmembrane transporter activity
GO:0015105	arsenite transmembrane transporter activity
GO:0015108	chloride transmembrane transporter activity
GO:0015112	nitrate transmembrane transporter activity
GO:0015113	nitrite transmembrane transporter activity
GO:0015159	polysaccharide transmembrane transporter activity
GO:0015171	amino acid transmembrane transporter activity
GO:0015179	L-amino acid transmembrane transporter activity
GO:0015188	L-isoleucine transmembrane transporter activity
GO:0015190	L-leucine transmembrane transporter activity
GO:0015192	L-phenylalanine transmembrane transporter activity
GO:0015221	lipopolysaccharide transmembrane transporter activity
GO:0015225	biotin transmembrane transporter activity
GO:0015245	fatty acid transmembrane transporter activity
GO:0015267	channel activity
GO:0015276	ligand-gated monoatomic ion channel activity
GO:0015288	porin activity
GO:0015293	symporter activity
GO:0015297	antiporter activity
GO:0015341	zinc efflux antiporter activity
GO:0015343	siderophore-iron transmembrane transporter activity
GO:0015344	siderophore uptake transmembrane transporter activity
GO:0015369	calcium:proton antiporter activity
GO:0015379	potassium:chloride symporter activity
GO:0015385	sodium:proton antiporter activity
GO:0015386	potassium:proton antiporter activity
GO:0015418	ABC-type quaternary ammonium compound transporting activity
GO:0015419	ABC-type sulfate transporter activity
GO:0015420	ABC-type vitamin B12 transporter activity
GO:0015421	ABC-type oligopeptide transporter activity
GO:0015423	ABC-type maltose transporter activity
GO:0015424	ABC-type amino acid transporter activity
GO:0015446	ATPase-coupled arsenite transmembrane transporter activity
GO:0015450	protein-transporting ATPase activity
GO:0015562	efflux transmembrane transporter activity
GO:0015594	ABC-type putrescine transporter activity
GO:0015627	type II protein secretion system complex
GO:0015628	protein secretion by the type II secretion system
GO:0015648	lipid-linked peptidoglycan transporter activity
GO:0015658	branched-chain amino acid transmembrane transporter activity
GO:0015662	P-type ion transporter activity
GO:0015689	molybdate ion transport
GO:0015698	inorganic anion transport
GO:0015716	organic phosphonate transport
GO:0015768	maltose transport
GO:0015807	L-amino acid transport
GO:0015808	L-alanine transport
GO:0015833	peptide transport
GO:0015846	polyamine transport
GO:0015849	organic acid transport
GO:0015891	siderophore transport
GO:0015920	lipopolysaccharide transport
GO:0015923	mannosidase activity
GO:0015925	galactosidase activity
GO:0015934	large ribosomal subunit
GO:0015935	small ribosomal subunit
GO:0015936	coenzyme A metabolic process
GO:0015937	coenzyme A biosynthetic process
GO:0015940	pantothenate biosynthetic process
GO:0015941	pantothenate catabolic process
GO:0015949	nucleobase-containing small molecule interconversion
GO:0015969	guanosine tetraphosphate metabolic process
GO:0015976	carbon utilization
GO:0015977	carbon fixation
GO:0015979	photosynthesis
GO:0015990	electron transport coupled proton transport
GO:0015995	chlorophyll biosynthetic process
GO:0015996	chlorophyll catabolic process
GO:0016002	GO:0016002
GO:0016020	membrane
GO:0016034	maleylacetoacetate isomerase activity
GO:0016036	cellular response to phosphate starvation
GO:0016037	light absorption
GO:0016041	glutamate synthase (ferredoxin) activity
GO:0016042	lipid catabolic process
GO:0016052	carbohydrate catabolic process
GO:0016072	rRNA metabolic process
GO:0016075	rRNA catabolic process
GO:0016094	polyprenol biosynthetic process
GO:0016114	terpenoid biosynthetic process
GO:0016117	carotenoid biosynthetic process
GO:0016121	carotene catabolic process
GO:0016125	sterol metabolic process
GO:0016149	translation release factor activity, codon specific
GO:0016150	translation release factor activity, codon nonspecific
GO:0016151	nickel cation binding
GO:0016157	sucrose synthase activity
GO:0016163	nitrogenase activity
GO:0016166	phytoene dehydrogenase activity
GO:0016168	chlorophyll binding
GO:0016208	AMP binding
GO:0016209	antioxidant activity
GO:0016226	iron-sulfur cluster assembly
GO:0016260	L-selenocysteine biosynthetic process
GO:0016279	protein-lysine N-methyltransferase activity
GO:0016285	alanyl aminopeptidase activity
GO:0016297	fatty acyl-[ACP] hydrolase activity
GO:0016298	lipase activity
GO:0016301	kinase activity
GO:0016407	acetyltransferase activity
GO:0016410	GO:0016410
GO:0016411	acylglycerol O-acyltransferase activity
GO:0016435	rRNA (guanine) methyltransferase activity
GO:0016462	pyrophosphatase activity
GO:0016485	protein processing
GO:0016491	oxidoreductase activity
GO:0016539	intein-mediated protein splicing
GO:0016597	amino acid binding
GO:0016614	oxidoreductase activity, acting on CH-OH group of donors
GO:0016616	oxidoreductase activity, acting on the CH-OH group of donors, NAD or NADP as acceptor
GO:0016618	hydroxypyruvate reductase [NAD(P)H] activity
GO:0016628	oxidoreductase activity, acting on the CH-CH group of donors, NAD or NADP as acceptor
GO:0016630	protochlorophyllide reductase activity
GO:0016636	oxidoreductase activity, acting on the CH-CH group of donors, iron-sulfur protein as acceptor
GO:0016645	oxidoreductase activity, acting on the CH-NH group of donors
GO:0016646	oxidoreductase activity, acting on the CH-NH group of donors, NAD or NADP as acceptor
GO:0016651	oxidoreductase activity, acting on NAD(P)H
GO:0016652	oxidoreductase activity, acting on NAD(P)H as acceptor
GO:0016655	oxidoreductase activity, acting on NAD(P)H, quinone or similar compound as acceptor
GO:0016668	oxidoreductase activity, acting on a sulfur group of donors, NAD(P) as acceptor
GO:0016671	oxidoreductase activity, acting on a sulfur group of donors, disulfide as acceptor
GO:0016679	oxidoreductase activity, acting on diphenols and related substances as donors
GO:0016682	oxidoreductase activity, acting on diphenols and related substances as donors, oxygen as acceptor
GO:0016691	chloride peroxidase activity
GO:0016702	oxidoreductase activity, acting on single donors with incorporation of molecular oxygen, incorporation of two atoms of oxygen
GO:0016705	oxidoreductase activity, acting on paired donors, with incorporation or reduction of molecular oxygen
GO:0016706	2-oxoglutarate-dependent dioxygenase activity
GO:0016709	oxidoreductase activity, acting on paired donors, with incorporation or reduction of molecular oxygen, NAD(P)H as one donor, and incorporation of one atom of oxygen
GO:0016712	oxidoreductase activity, acting on paired donors, with incorporation or reduction of molecular oxygen, reduced flavin or flavoprotein as one donor, and incorporation of one atom of oxygen
GO:0016717	oxidoreductase activity, acting on paired donors, with oxidation of a pair of donors resulting in the reduction of molecular oxygen to two molecules of water
GO:0016719	9,9'-di-cis-zeta-carotene desaturase activity
GO:0016722	oxidoreductase activity, acting on metal ions
GO:0016730	oxidoreductase activity, acting on iron-sulfur proteins as donors
GO:0016740	transferase activity
GO:0016741	transferase activity, transferring one-carbon groups
GO:0016743	carboxyl- or carbamoyltransferase activity
GO:0016746	acyltransferase activity
GO:0016747	acyltransferase activity, transferring groups other than amino-acyl groups
GO:0016757	glycosyltransferase activity
GO:0016758	hexosyltransferase activity
GO:0016763	pentosyltransferase activity
GO:0016765	transferase activity, transferring alkyl or aryl (other than methyl) groups
GO:0016772	transferase activity, transferring phosphorus-containing groups
GO:0016773	phosphotransferase activity, alcohol group as acceptor
GO:0016775	phosphotransferase activity, nitrogenous group as acceptor
GO:0016776	phosphotransferase activity, phosphate group as acceptor
GO:0016779	nucleotidyltransferase activity
GO:0016780	phosphotransferase activity, for other substituted phosphate groups
GO:0016781	phosphotransferase activity, paired acceptors
GO:0016783	sulfurtransferase activity
GO:0016787	hydrolase activity
GO:0016788	hydrolase activity, acting on ester bonds
GO:0016791	phosphatase activity
GO:0016798	hydrolase activity, acting on glycosyl bonds
GO:0016803	ether hydrolase activity
GO:0016810	hydrolase activity, acting on carbon-nitrogen (but not peptide) bonds
GO:0016811	hydrolase activity, acting on carbon-nitrogen (but not peptide) bonds, in linear amides
GO:0016818	hydrolase activity, acting on acid anhydrides, in phosphorus-containing anhydrides
GO:0016829	lyase activity
GO:0016831	carboxy-lyase activity
GO:0016832	aldehyde-lyase activity
GO:0016833	oxo-acid-lyase activity
GO:0016835	carbon-oxygen lyase activity
GO:0016836	hydro-lyase activity
GO:0016840	carbon-nitrogen lyase activity
GO:0016846	carbon-sulfur lyase activity
GO:0016849	phosphorus-oxygen lyase activity
GO:0016851	magnesium chelatase activity
GO:0016853	isomerase activity
GO:0016855	racemase and epimerase activity, acting on amino acids and derivatives
GO:0016868	intramolecular phosphotransferase activity
GO:0016872	intramolecular lyase activity
GO:0016874	ligase activity
GO:0016879	ligase activity, forming carbon-nitrogen bonds
GO:0016881	acid-amino acid ligase activity
GO:0016887	ATP hydrolysis activity
GO:0016891	RNA endonuclease activity producing 5'-phosphomonoesters, hydrolytic mechanism
GO:0016937	short-chain fatty acyl-CoA dehydrogenase activity
GO:0016984	ribulose-bisphosphate carboxylase activity
GO:0016987	sigma factor activity
GO:0016990	arginine deiminase activity
GO:0016992	lipoate synthase activity
GO:0016993	precorrin-8X methylmutase activity
GO:0016994	precorrin-6A reductase activity
GO:0016999	antibiotic metabolic process
GO:0017000	antibiotic biosynthetic process
GO:0017001	antibiotic catabolic process
GO:0017004	cytochrome complex assembly
GO:0017006	protein-tetrapyrrole linkage
GO:0017038	protein import
GO:0017057	6-phosphogluconolactonase activity
GO:0017061	S-methyl-5-thioadenosine phosphorylase activity
GO:0017089	glycolipid transfer activity
GO:0017101	aminoacyl-tRNA synthetase multienzyme complex
GO:0017111	ribonucleoside triphosphate phosphatase activity
GO:0017116	single-stranded DNA helicase activity
GO:0017148	negative regulation of translation
GO:0017150	tRNA dihydrouridine synthase activity
GO:0018104	peptidoglycan-protein cross-linking
GO:0018169	ribosomal S6-glutamic acid ligase activity
GO:0018549	methanethiol oxidase activity
GO:0018773	acetylpyruvate hydrolase activity
GO:0018858	benzoate-CoA ligase activity
GO:0019062	virion attachment to host cell
GO:0019104	DNA N-glycosylase activity
GO:0019134	glucosamine-1-phosphate N-acetyltransferase activity
GO:0019139	cytokinin dehydrogenase activity
GO:0019143	3-deoxy-manno-octulosonate-8-phosphatase activity
GO:0019146	arabinose-5-phosphate isomerase activity
GO:0019150	D-ribulokinase activity
GO:0019154	glycolate dehydrogenase activity
GO:0019171	(3R)-hydroxyacyl-[acyl-carrier-protein] dehydratase activity
GO:0019172	glyoxalase III activity
GO:0019184	nonribosomal peptide biosynthetic process
GO:0019202	amino acid kinase activity
GO:0019209	kinase activator activity
GO:0019239	deaminase activity
GO:0019240	L-citrulline biosynthetic process
GO:0019242	methylglyoxal biosynthetic process
GO:0019243	GO:0019243
GO:0019253	reductive pentose-phosphate cycle
GO:0019262	N-acetylneuraminate catabolic process
GO:0019264	GO:0019264
GO:0019265	GO:0019265
GO:0019277	UDP-N-acetylgalactosamine biosynthetic process
GO:0019288	isopentenyl diphosphate biosynthetic process, methylerythritol 4-phosphate pathway
GO:0019290	siderophore biosynthetic process
GO:0019294	keto-3-deoxy-D-manno-octulosonic acid biosynthetic process
GO:0019303	D-ribose catabolic process
GO:0019305	dTDP-rhamnose biosynthetic process
GO:0019318	hexose metabolic process
GO:0019319	hexose biosynthetic process
GO:0019323	pentose catabolic process
GO:0019354	siroheme biosynthetic process
GO:0019359	nicotinamide nucleotide biosynthetic process
GO:0019379	GO:0019379
GO:0019427	GO:0019427
GO:0019430	removal of superoxide radicals
GO:0019441	GO:0019441
GO:0019464	glycine decarboxylation via glycine cleavage system
GO:0019478	D-amino acid catabolic process
GO:0019509	GO:0019509
GO:0019518	GO:0019518
GO:0019521	D-gluconate metabolic process
GO:0019538	protein metabolic process
GO:0019540	catechol-containing siderophore biosynthetic process
GO:0019546	GO:0019546
GO:0019563	glycerol catabolic process
GO:0019594	mannitol metabolic process
GO:0019627	urea metabolic process
GO:0019629	GO:0019629
GO:0019631	quinate catabolic process
GO:0019632	shikimate metabolic process
GO:0019646	aerobic electron transport chain
GO:0019674	NAD+ metabolic process
GO:0019676	ammonia assimilation cycle
GO:0019677	NAD+ catabolic process
GO:0019684	photosynthesis, light reaction
GO:0019685	photosynthesis, dark reaction
GO:0019693	ribose phosphate metabolic process
GO:0019740	nitrogen utilization
GO:0019748	secondary metabolic process
GO:0019752	carboxylic acid metabolic process
GO:0019808	polyamine binding
GO:0019825	oxygen binding
GO:0019829	ATPase-coupled monoatomic cation transmembrane transporter activity
GO:0019842	vitamin binding
GO:0019843	rRNA binding
GO:0019852	L-ascorbic acid metabolic process
GO:0019853	L-ascorbic acid biosynthetic process
GO:0019856	pyrimidine nucleobase biosynthetic process
GO:0019867	outer membrane
GO:0019877	GO:0019877
GO:0019887	protein kinase regulator activity
GO:0019898	extrinsic component of membrane
GO:0019954	asexual reproduction
GO:0020037	heme binding
GO:0022402	cell cycle process
GO:0022413	reproductive process in single-celled organism
GO:0022604	regulation of cell morphogenesis
GO:0022625	cytosolic large ribosomal subunit
GO:0022627	cytosolic small ribosomal subunit
GO:0022829	wide pore channel activity
GO:0022836	gated channel activity
GO:0022857	transmembrane transporter activity
GO:0022900	electron transport chain
GO:0022904	respiratory electron transport chain
GO:0023052	signaling
GO:0030001	metal ion transport
GO:0030007	intracellular potassium ion homeostasis
GO:0030060	L-malate dehydrogenase (NAD+) activity
GO:0030075	bacterial thylakoid
GO:0030076	light-harvesting complex
GO:0030077	plasma membrane light-harvesting complex
GO:0030089	phycobilisome
GO:0030091	protein repair
GO:0030096	plasma membrane-derived thylakoid photosystem II
GO:0030145	manganese ion binding
GO:0030148	sphingolipid biosynthetic process
GO:0030151	molybdenum ion binding
GO:0030158	protein xylosyltransferase activity
GO:0030163	protein catabolic process
GO:0030170	pyridoxal phosphate binding
GO:0030203	glycosaminoglycan metabolic process
GO:0030234	enzyme regulator activity
GO:0030245	cellulose catabolic process
GO:0030246	carbohydrate binding
GO:0030247	polysaccharide binding
GO:0030253	protein secretion by the type I secretion system
GO:0030256	type I protein secretion system complex
GO:0030261	chromosome condensation
GO:0030267	glyoxylate reductase (NADPH) activity
GO:0030272	5-formyltetrahydrofolate cyclo-ligase activity
GO:0030288	outer membrane-bounded periplasmic space
GO:0030295	protein kinase activator activity
GO:0030312	external encapsulating structure
GO:0030313	cell envelope
GO:0030366	molybdopterin synthase activity
GO:0030388	fructose 1,6-bisphosphate metabolic process
GO:0030416	methylamine metabolic process
GO:0030428	cell septum
GO:0030435	sporulation resulting in formation of a cellular spore
GO:0030488	tRNA methylation
GO:0030490	maturation of SSU-rRNA
GO:0030494	bacteriochlorophyll biosynthetic process
GO:0030497	fatty acid elongation
GO:0030527	structural constituent of chromatin
GO:0030604	1-deoxy-D-xylulose-5-phosphate reductoisomerase activity
GO:0030632	D-alanine biosynthetic process
GO:0030638	polyketide metabolic process
GO:0030643	intracellular phosphate ion homeostasis
GO:0030649	aminoglycoside antibiotic catabolic process
GO:0030655	beta-lactam antibiotic catabolic process
GO:0030674	protein-macromolecule adaptor activity
GO:0030677	ribonuclease P complex
GO:0030695	GTPase regulator activity
GO:0030788	precorrin-2 C20-methyltransferase activity
GO:0030789	precorrin-3B C17-methyltransferase activity
GO:0030894	replisome
GO:0030955	potassium ion binding
GO:0030956	glutamyl-tRNA(Gln) amidotransferase complex
GO:0030964	NADH dehydrogenase complex
GO:0030973	molybdate ion binding
GO:0030976	thiamine pyrophosphate binding
GO:0030979	alpha-glucan biosynthetic process
GO:0030980	alpha-glucan catabolic process
GO:0030983	mismatched DNA binding
GO:0031071	cysteine desulfurase activity
GO:0031072	heat shock protein binding
GO:0031119	tRNA pseudouridine synthesis
GO:0031125	rRNA 3'-end processing
GO:0031167	rRNA methylation
GO:0031176	endo-1,4-beta-xylanase activity
GO:0031177	phosphopantetheine binding
GO:0031317	tripartite ATP-independent periplasmic transporter complex
GO:0031388	GO:0031388
GO:0031404	chloride ion binding
GO:0031410	cytoplasmic vesicle
GO:0031419	cobalamin binding
GO:0031460	glycine betaine transport
GO:0031469	bacterial microcompartment
GO:0031470	carboxysome
GO:0031522	cell envelope Sec protein transport complex
GO:0031564	transcription antitermination
GO:0031676	plasma membrane-derived thylakoid membrane
GO:0031956	medium-chain fatty acid-CoA ligase activity
GO:0031977	thylakoid lumen
GO:0031979	plasma membrane-derived thylakoid lumen
GO:0032153	cell division site
GO:0032196	transposition
GO:0032259	methylation
GO:0032299	ribonuclease H2 complex
GO:0032300	mismatch repair complex
GO:0032357	oxidized purine DNA binding
GO:0032451	demethylase activity
GO:0032542	sulfiredoxin activity
GO:0032549	ribonucleoside binding
GO:0032559	adenyl ribonucleotide binding
GO:0032774	RNA biosynthetic process
GO:0032784	regulation of DNA-templated transcription elongation
GO:0032787	monocarboxylic acid metabolic process
GO:0032790	ribosome disassembly
GO:0032940	secretion by cell
GO:0032955	regulation of division septum assembly
GO:0032977	membrane insertase activity
GO:0032991	protein-containing complex
GO:0032993	protein-DNA complex
GO:0033013	tetrapyrrole metabolic process
GO:0033068	macrolide biosynthetic process
GO:0033072	vancomycin biosynthetic process
GO:0033177	proton-transporting two-sector ATPase complex, proton-transporting domain
GO:0033202	DNA helicase complex
GO:0033214	siderophore-iron import into cell
GO:0033281	TAT protein transport complex
GO:0033320	UDP-D-xylose biosynthetic process
GO:0033353	L-methionine cycle
GO:0033362	GO:0033362
GO:0033388	GO:0033388
GO:0033389	GO:0033389
GO:0033468	CMP-keto-3-deoxy-D-manno-octulosonic acid biosynthetic process
GO:0033499	beta-D-galactose catabolic process via UDP-galactose, Leloir pathway
GO:0033539	fatty acid beta-oxidation using acyl-CoA dehydrogenase
GO:0033554	cellular response to stress
GO:0033573	high-affinity iron permease complex
GO:0033592	RNA strand annealing activity
GO:0033739	preQ1 synthase activity
GO:0033743	peptide-methionine (R)-S-oxide reductase activity
GO:0033744	L-methionine (S)-S-oxide reductase activity
GO:0033765	steroid dehydrogenase activity, acting on the CH-CH group of donors
GO:0033818	beta-ketoacyl-acyl-carrier-protein synthase III activity
GO:0033819	lipoyl(octanoyl) transferase activity
GO:0033856	pyridoxine 5'-phosphate synthase activity
GO:0033862	UMP kinase activity
GO:0033926	endo-alpha-N-acetylgalactosaminidase activity
GO:0033942	4-alpha-D-(1->4)-alpha-D-glucanotrehalose trehalohydrolase activity
GO:0033969	gamma-glutamyl-gamma-aminobutyrate hydrolase activity
GO:0034023	5-(carboxyamino)imidazole ribonucleotide mutase activity
GO:0034038	deoxyhypusine synthase activity
GO:0034039	8-oxo-7,8-dihydroguanine DNA N-glycosylase activity
GO:0034040	ATPase-coupled lipid transmembrane transporter activity
GO:0034069	aminoglycoside N-acetyltransferase activity
GO:0034081	polyketide synthase complex
GO:0034213	quinolinate catabolic process
GO:0034220	monoatomic ion transmembrane transport
GO:0034335	DNA negative supercoiling activity
GO:0034355	NAD+ biosynthetic process via the salvage pathway
GO:0034386	4-aminobutyrate:2-oxoglutarate transaminase activity
GO:0034599	cellular response to oxidative stress
GO:0034605	cellular response to heat
GO:0034628	'de novo' NAD+ biosynthetic process from L-aspartate
GO:0034702	monoatomic ion channel complex
GO:0035243	protein-arginine omega-N symmetric methyltransferase activity
GO:0035269	protein O-linked glycosylation via mannose
GO:0035312	5'-3' DNA exonuclease activity
GO:0035434	copper ion transmembrane transport
GO:0035435	phosphate ion transmembrane transport
GO:0035485	adenine/guanine mispair binding
GO:0035529	NADH pyrophosphatase activity
GO:0035550	urease complex
GO:0035556	intracellular signal transduction
GO:0035592	establishment of protein localization to extracellular region
GO:0035597	tRNA-2-methylthio-N(6)-dimethylallyladenosine(37) synthase activity
GO:0035599	aspartic acid methylthiotransferase activity
GO:0035600	tRNA methylthiolation
GO:0035639	purine ribonucleoside triphosphate binding
GO:0035673	oligopeptide transmembrane transporter activity
GO:0035870	dITP diphosphatase activity
GO:0035999	tetrahydrofolate interconversion
GO:0036068	light-independent chlorophyll biosynthetic process
GO:0036220	ITP diphosphatase activity
GO:0036222	XTP diphosphatase activity
GO:0036374	glutathione gamma-glutamate hydrolase
GO:0036376	sodium ion export across plasma membrane
GO:0036430	CMP kinase activity
GO:0036431	dCMP kinase activity
GO:0036440	citrate synthase activity
GO:0038023	signaling receptor activity
GO:0040029	epigenetic regulation of gene expression
GO:0042026	protein refolding
GO:0042121	alginic acid biosynthetic process
GO:0042128	nitrate assimilation
GO:0042132	fructose 1,6-bisphosphate 1-phosphatase activity
GO:0042158	lipoprotein biosynthetic process
GO:0042167	heme catabolic process
GO:0042171	lysophosphatidic acid acyltransferase activity
GO:0042173	regulation of sporulation resulting in formation of a cellular spore
GO:0042221	response to chemical
GO:0042245	RNA repair
GO:0042254	ribosome biogenesis
GO:0042256	cytosolic ribosome assembly
GO:0042274	ribosomal small subunit biogenesis
GO:0042277	peptide binding
GO:0042286	glutamate-1-semialdehyde 2,1-aminomutase activity
GO:0042301	phosphate ion binding
GO:0042330	taxis
GO:0042351	'de novo' GDP-L-fucose biosynthetic process
GO:0042365	water-soluble vitamin catabolic process
GO:0042371	vitamin K biosynthetic process
GO:0042372	phylloquinone biosynthetic process
GO:0042398	modified amino acid biosynthetic process
GO:0042450	GO:0042450
GO:0042549	photosystem II stabilization
GO:0042586	peptide deformylase activity
GO:0042597	periplasmic space
GO:0042601	endospore-forming forespore
GO:0042602	riboflavin reductase (NADPH) activity
GO:0042619	poly-hydroxybutyrate biosynthetic process
GO:0042626	ATPase-coupled transmembrane transporter activity
GO:0042651	thylakoid membrane
GO:0042709	succinate-CoA ligase complex
GO:0042716	plasma membrane-derived chromatophore
GO:0042717	plasma membrane-derived chromatophore membrane
GO:0042732	D-xylose metabolic process
GO:0042744	hydrogen peroxide catabolic process
GO:0042752	regulation of circadian rhythm
GO:0042773	ATP synthesis coupled electron transport
GO:0042781	3'-tRNA processing endoribonuclease activity
GO:0042802	identical protein binding
GO:0042803	protein homodimerization activity
GO:0042823	pyridoxal 5'-phosphate biosynthetic process
GO:0042834	peptidoglycan binding
GO:0042853	L-alanine catabolic process
GO:0042910	xenobiotic transmembrane transporter activity
GO:0042918	alkanesulfonate transmembrane transport
GO:0042941	D-alanine transmembrane transport
GO:0042956	maltodextrin transmembrane transport
GO:0043021	ribonucleoprotein complex binding
GO:0043022	ribosome binding
GO:0043023	ribosomal large subunit binding
GO:0043024	ribosomal small subunit binding
GO:0043038	amino acid activation
GO:0043041	amino acid activation for nonribosomal peptide biosynthetic process
GO:0043043	peptide biosynthetic process
GO:0043062	extracellular structure organization
GO:0043093	FtsZ-dependent cytokinesis
GO:0043103	hypoxanthine salvage
GO:0043130	ubiquitin binding
GO:0043137	DNA replication, removal of RNA primer
GO:0043138	3'-5' DNA helicase activity
GO:0043139	5'-3' DNA helicase activity
GO:0043158	heterocyst development
GO:0043161	proteasome-mediated ubiquitin-dependent protein catabolic process
GO:0043164	Gram-negative-bacterium-type cell wall biogenesis
GO:0043167	ion binding
GO:0043168	anion binding
GO:0043169	cation binding
GO:0043171	peptide catabolic process
GO:0043177	organic acid binding
GO:0043190	ATP-binding cassette (ABC) transporter complex
GO:0043215	daunorubicin transport
GO:0043232	intracellular membraneless organelle
GO:0043335	protein unfolding
GO:0043412	macromolecule modification
GO:0043419	urea catabolic process
GO:0043448	alkane catabolic process
GO:0043527	tRNA methyltransferase complex
GO:0043531	ADP binding
GO:0043546	molybdopterin cofactor binding
GO:0043565	sequence-specific DNA binding
GO:0043571	maintenance of CRISPR repeat elements
GO:0043590	bacterial nucleoid
GO:0043682	P-type divalent copper transporter activity
GO:0043708	cell adhesion involved in biofilm formation
GO:0043714	(R)-citramalate synthase activity
GO:0043737	deoxyribonuclease V activity
GO:0043743	LPPG:FO 2-phospho-L-lactate transferase activity
GO:0043752	adenosylcobinamide kinase activity
GO:0043772	acyl-phosphate glycerol-3-phosphate acyltransferase activity
GO:0043799	glycine oxidase activity
GO:0043811	phosphate:acyl-[acyl carrier protein] acyltransferase activity
GO:0043815	phosphoribosylglycinamide formyltransferase 2 activity
GO:0043828	tRNA 2-selenouridine synthase activity
GO:0043856	anti-sigma factor antagonist activity
GO:0043886	structural constituent of carboxysome shell
GO:0043908	Ser(Gly)-tRNA(Ala) hydrolase activity
GO:0043934	sporulation
GO:0043938	positive regulation of sporulation
GO:0043952	protein transport by the Sec complex
GO:0043953	protein transport by the Tat complex
GO:0044010	single-species biofilm formation
GO:0044027	negative regulation of gene expression via chromosomal CpG island methylation
GO:0044038	cell wall macromolecule biosynthetic process
GO:0044183	protein folding chaperone
GO:0044205	'de novo' UMP biosynthetic process
GO:0044206	UMP salvage
GO:0044208	'de novo' AMP biosynthetic process
GO:0044209	AMP salvage
GO:0044210	'de novo' CTP biosynthetic process
GO:0044238	primary metabolic process
GO:0044272	sulfur compound biosynthetic process
GO:0044281	small molecule metabolic process
GO:0044355	clearance of foreign intracellular DNA
GO:0044550	secondary metabolite biosynthetic process
GO:0044689	7,8-didemethyl-8-hydroxy-5-deazariboflavin synthase activity
GO:0044718	siderophore transmembrane transport
GO:0045151	acetoin biosynthetic process
GO:0045174	glutathione dehydrogenase (ascorbate) activity
GO:0045229	external encapsulating structure organization
GO:0045252	oxoglutarate dehydrogenase complex
GO:0045254	pyruvate dehydrogenase complex
GO:0045259	proton-transporting ATP synthase complex
GO:0045271	respiratory chain complex I
GO:0045436	lycopene beta cyclase activity
GO:0045454	cell redox homeostasis
GO:0045493	xylan catabolic process
GO:0045547	ditrans,polycis-polyprenyl diphosphate synthase [(2E,6E)-farnesyl diphosphate specific] activity
GO:0045550	GO:0045550
GO:0045727	positive regulation of translation
GO:0045814	negative regulation of gene expression, epigenetic
GO:0045881	positive regulation of sporulation resulting in formation of a cellular spore
GO:0045892	negative regulation of DNA-templated transcription
GO:0045900	negative regulation of translational elongation
GO:0045910	negative regulation of DNA recombination
GO:0045936	negative regulation of phosphate metabolic process
GO:0046026	precorrin-4 C11-methyltransferase activity
GO:0046029	mannitol dehydrogenase activity
GO:0046040	IMP metabolic process
GO:0046047	TTP catabolic process
GO:0046052	UTP catabolic process
GO:0046058	cAMP metabolic process
GO:0046061	dATP catabolic process
GO:0046076	dTTP catabolic process
GO:0046081	dUTP catabolic process
GO:0046084	adenine biosynthetic process
GO:0046103	inosine biosynthetic process
GO:0046166	glyceraldehyde-3-phosphate biosynthetic process
GO:0046167	glycerol-3-phosphate biosynthetic process
GO:0046168	glycerol-3-phosphate catabolic process
GO:0046210	nitric oxide catabolic process
GO:0046316	gluconokinase activity
GO:0046348	amino sugar catabolic process
GO:0046349	amino sugar biosynthetic process
GO:0046365	monosaccharide catabolic process
GO:0046394	carboxylic acid biosynthetic process
GO:0046395	carboxylic acid catabolic process
GO:0046406	magnesium protoporphyrin IX methyltransferase activity
GO:0046408	chlorophyll synthetase activity
GO:0046417	chorismate metabolic process
GO:0046429	4-hydroxy-3-methylbut-2-en-1-yl diphosphate synthase activity (ferredoxin)
GO:0046464	acylglycerol catabolic process
GO:0046467	GO:0046467
GO:0046473	phosphatidic acid metabolic process
GO:0046474	glycerophospholipid biosynthetic process
GO:0046491	L-methylmalonyl-CoA metabolic process
GO:0046493	lipid A metabolic process
GO:0046496	nicotinamide nucleotide metabolic process
GO:0046523	S-methyl-5-thioribose-1-phosphate isomerase activity
GO:0046608	carotenoid isomerase activity
GO:0046653	tetrahydrofolate metabolic process
GO:0046654	tetrahydrofolate biosynthetic process
GO:0046656	folic acid biosynthetic process
GO:0046677	response to antibiotic
GO:0046685	response to arsenic-containing substance
GO:0046813	receptor-mediated virion attachment to host cell
GO:0046819	protein secretion by the type V secretion system
GO:0046820	aminodeoxychorismate synthase activity
GO:0046854	phosphatidylinositol phosphate biosynthetic process
GO:0046872	metal ion binding
GO:0046873	metal ion transmembrane transporter activity
GO:0046906	tetrapyrrole binding
GO:0046914	transition metal ion binding
GO:0046933	proton-transporting ATP synthase activity, rotational mechanism
GO:0046942	carboxylic acid transport
GO:0046961	proton-transporting ATPase activity, rotational mechanism
GO:0046983	protein dimerization activity
GO:0047100	glyceraldehyde-3-phosphate dehydrogenase (NADP+) (phosphorylating) activity
GO:0047151	tRNA (uracil(54)-C5)-methyltransferase activity, 5,10-methylenetetrahydrofolate-dependent
GO:0047244	N-acetylglucosaminyldiphosphoundecaprenol N-acetyl-beta-D-mannosaminyltransferase activity
GO:0047295	geranylgeranylglycerol-phosphate geranylgeranyltransferase activity
GO:0047298	(S)-3-amino-2-methylpropionate:2-oxoglutarate transaminase activity
GO:0047310	L-glutamine:scyllo-inositol transaminase activity
GO:0047324	phosphoenolpyruvate-glycerone phosphotransferase activity
GO:0047334	diphosphate-fructose-6-phosphate 1-phosphotransferase activity
GO:0047343	glucose-1-phosphate cytidylyltransferase activity
GO:0047360	undecaprenyl-phosphate galactose phosphotransferase activity
GO:0047372	monoacylglycerol lipase activity
GO:0047429	nucleoside triphosphate diphosphatase activity
GO:0047456	2-methylisocitrate dehydratase activity
GO:0047465	N-acylglucosamine-6-phosphate 2-epimerase activity
GO:0047470	(1,4)-alpha-D-glucan 1-alpha-D-glucosylmutase activity
GO:0047471	maltose alpha-D-glucosyltransferase activity
GO:0047480	UDP-N-acetylmuramoyl-tripeptide-D-alanyl-D-alanine ligase activity
GO:0047527	2,3-dihydroxybenzoate-serine ligase activity
GO:0047545	(S)-2-hydroxyglutarate dehydrogenase activity
GO:0047560	3-dehydrosphinganine reductase activity
GO:0047605	acetolactate decarboxylase activity
GO:0047617	fatty acyl-CoA hydrolase activity
GO:0047661	amino-acid racemase activity
GO:0047663	aminoglycoside 6'-N-acetyltransferase activity
GO:0047689	aspartate racemase activity
GO:0047746	chlorophyllase activity
GO:0047936	glucose 1-dehydrogenase [NAD(P)+] activity
GO:0047964	glyoxylate reductase (NADH) activity
GO:0048029	monosaccharide binding
GO:0048034	heme O biosynthetic process
GO:0048038	quinone binding
GO:0048039	ubiquinone binding
GO:0048040	UDP-glucuronate decarboxylase activity
GO:0048307	ferredoxin-nitrite reductase activity
GO:0048472	threonine-phosphate decarboxylase activity
GO:0048476	Holliday junction resolvase complex
GO:0048500	signal recognition particle
GO:0048529	magnesium-protoporphyrin IX monomethyl ester (oxidative) cyclase activity
GO:0048646	anatomical structure formation involved in morphogenesis
GO:0048869	cellular developmental process
GO:0050099	methylglutamate dehydrogenase activity
GO:0050118	N-acetyldiaminopimelate deacetylase activity
GO:0050136	NADH dehydrogenase (quinone) (non-electrogenic) activity
GO:0050178	phenylpyruvate tautomerase activity
GO:0050278	sedoheptulose-bisphosphatase activity
GO:0050307	sucrose-phosphate phosphatase activity
GO:0050311	sulfite reductase (ferredoxin) activity
GO:0050363	L-tryptophan dehydrogenase [NAD(P)+] activity
GO:0050385	ureidoglycolate lyase activity
GO:0050421	nitrite reductase (NO-forming) activity
GO:0050427	3'-phosphoadenosine 5'-phosphosulfate metabolic process
GO:0050511	undecaprenyldiphospho-muramoylpentapeptide beta-N-acetylglucosaminyltransferase activity
GO:0050515	4-(cytidine 5'-diphospho)-2-C-methyl-D-erythritol kinase activity
GO:0050518	2-C-methyl-D-erythritol 4-phosphate cytidylyltransferase activity
GO:0050532	2-phosphosulfolactate phosphatase activity
GO:0050545	sulfopyruvate decarboxylase activity
GO:0050560	aspartate-tRNA(Asn) ligase activity
GO:0050566	asparaginyl-tRNA synthase (glutamine-hydrolyzing) activity
GO:0050567	glutaminyl-tRNA synthase (glutamine-hydrolyzing) activity
GO:0050570	4-hydroxythreonine-4-phosphate dehydrogenase activity
GO:0050577	GDP-L-fucose synthase activity
GO:0050580	2,5-didehydrogluconate reductase activity
GO:0050620	phycocyanobilin:ferredoxin oxidoreductase activity
GO:0050650	chondroitin sulfate proteoglycan biosynthetic process
GO:0050660	flavin adenine dinucleotide binding
GO:0050661	NADP binding
GO:0050667	homocysteine metabolic process
GO:0050794	regulation of cellular process
GO:0050797	thymidylate synthase (FAD) activity
GO:0050821	protein stabilization
GO:0050896	response to stimulus
GO:0050897	cobalt ion binding
GO:0050992	dimethylallyl diphosphate biosynthetic process
GO:0051060	pullulanase activity
GO:0051073	adenosylcobinamide-GDP ribazoletransferase activity
GO:0051075	S-adenosylmethionine:tRNA ribosyltransferase-isomerase activity
GO:0051082	GO:0051082
GO:0051083	'de novo' cotranslational protein folding
GO:0051087	protein-folding chaperone binding
GO:0051116	cobaltochelatase activity
GO:0051117	ATPase binding
GO:0051156	glucose 6-phosphate metabolic process
GO:0051205	protein insertion into membrane
GO:0051213	dioxygenase activity
GO:0051258	protein polymerization
GO:0051266	sirohydrochlorin ferrochelatase activity
GO:0051276	chromosome organization
GO:0051287	NAD binding
GO:0051301	cell division
GO:0051304	chromosome separation
GO:0051453	regulation of intracellular pH
GO:0051484	GO:0051484
GO:0051500	D-tyrosyl-tRNA(Tyr) deacylase activity
GO:0051536	iron-sulfur cluster binding
GO:0051537	2 iron, 2 sulfur cluster binding
GO:0051538	3 iron, 4 sulfur cluster binding
GO:0051539	4 iron, 4 sulfur cluster binding
GO:0051603	GO:0051603
GO:0051604	protein maturation
GO:0051607	defense response to virus
GO:0051716	cellular response to stimulus
GO:0051723	protein methylesterase activity
GO:0051745	4-hydroxy-3-methylbut-2-enyl diphosphate reductase activity
GO:0051782	negative regulation of cell division
GO:0051920	peroxiredoxin activity
GO:0051991	UDP-N-acetyl-D-glucosamine:N-acetylmuramoyl-L-alanyl-D-glutamyl-meso-2,6-diaminopimelyl-D-alanyl-D-alanine-diphosphoundecaprenol 4-beta-N-acetylglucosaminlytransferase activity
GO:0051992	UDP-N-acetylmuramoyl-L-alanyl-D-glutamyl-meso-2,6-diaminopimelyl-D-alanyl-D-alanine:undecaprenyl-phosphate transferase activity
GO:0051996	squalene synthase [NAD(P)H] activity
GO:0051998	protein carboxyl O-methyltransferase activity
GO:0052381	tRNA dimethylallyltransferase activity
GO:0052592	oxidoreductase activity, acting on CH or CH2 groups, with an iron-sulfur protein as acceptor
GO:0052624	2-phytyl-1,4-naphthoquinone methyltransferase activity
GO:0052689	carboxylic ester hydrolase activity
GO:0052693	epoxyqueuosine reductase activity
GO:0052699	ergothioneine biosynthetic process
GO:0052706	L-histidine N(alpha)-methyltransferase activity
GO:0052717	tRNA-specific adenosine-34 deaminase activity
GO:0052834	inositol monophosphate phosphatase activity
GO:0052855	ADP-dependent NAD(P)H-hydrate dehydratase activity
GO:0052856	NAD(P)HX epimerase activity
GO:0052906	tRNA (guanine(37)-N1)-methyltransferase activity
GO:0052908	16S rRNA (adenine(1518)-N(6)/adenine(1519)-N(6))-dimethyltransferase activity
GO:0052913	16S rRNA (guanine(966)-N(2))-methyltransferase activity
GO:0055052	ATP-binding cassette (ABC) transporter complex, substrate-binding subunit-containing
GO:0055070	copper ion homeostasis
GO:0055085	transmembrane transport
GO:0055087	Ski complex
GO:0055129	L-proline biosynthetic process
GO:0060089	molecular transducer activity
GO:0060590	ATPase regulator activity
GO:0061522	1,4-dihydroxy-2-naphthoyl-CoA thioesterase activity
GO:0061599	molybdopterin molybdotransferase activity
GO:0061603	molybdenum cofactor guanylyltransferase activity
GO:0061621	canonical glycolysis
GO:0061710	L-threonylcarbamoyladenylate synthase activity
GO:0061711	tRNA N(6)-L-threonylcarbamoyladenine synthase activity
GO:0061783	peptidoglycan muralytic activity
GO:0061798	GTP 3',8'-cyclase activity
GO:0061799	cyclic pyranopterin monophosphate synthase activity
GO:0065002	intracellular protein transmembrane transport
GO:0065003	protein-containing complex assembly
GO:0065008	regulation of biological quality
GO:0070006	metalloaminopeptidase activity
GO:0070040	rRNA (adenine(2503)-C2-)-methyltransferase activity
GO:0070041	rRNA (uridine-C5-)-methyltransferase activity
GO:0070042	rRNA (uridine-N3-)-methyltransferase activity
GO:0070043	rRNA (guanine-N7-)-methyltransferase activity
GO:0070069	cytochrome complex
GO:0070095	fructose-6-phosphate binding
GO:0070180	large ribosomal subunit rRNA binding
GO:0070181	small ribosomal subunit rRNA binding
GO:0070204	2-succinyl-5-enolpyruvyl-6-hydroxy-3-cyclohexene-1-carboxylic-acid synthase activity
GO:0070284	phosphomethylpyrimidine synthase activity
GO:0070301	cellular response to hydrogen peroxide
GO:0070401	NADP+ binding
GO:0070402	NADPH binding
GO:0070403	NAD+ binding
GO:0070475	rRNA base methylation
GO:0070478	nuclear-transcribed mRNA catabolic process, 3'-5' exonucleolytic nonsense-mediated decay
GO:0070497	6-carboxytetrahydropterin synthase activity
GO:0070566	adenylyltransferase activity
GO:0070626	(S)-2-(5-amino-1-(5-phospho-D-ribosyl)imidazole-4-carboxamido) succinate lyase (fumarate-forming) activity
GO:0070677	rRNA (cytosine-2'-O-ribose)-methyltransferase activity
GO:0070681	glutaminyl-tRNAGln biosynthesis via transamidation
GO:0070733	AMPylase activity
GO:0070814	hydrogen sulfide biosynthetic process
GO:0070818	protoporphyrinogen oxidase activity
GO:0070929	trans-translation
GO:0070930	trans-translation-dependent protein tagging
GO:0070991	medium-chain fatty acyl-CoA dehydrogenase activity
GO:0071160	cyanophycin synthetase activity (L-aspartate-adding)
GO:0071161	cyanophycin synthetase activity (L-arginine-adding)
GO:0071266	'de novo' L-methionine biosynthetic process
GO:0071269	L-homocysteine biosynthetic process
GO:0071281	cellular response to iron ion
GO:0071424	rRNA (cytosine-N4-)-methyltransferase activity
GO:0071500	cellular response to nitrosative stress
GO:0071513	phosphopantothenoylcysteine decarboxylase complex
GO:0071554	cell wall organization or biogenesis
GO:0071555	cell wall organization
GO:0071692	protein localization to extracellular region
GO:0071705	nitrogen compound transport
GO:0071766	Actinobacterium-type cell wall biogenesis
GO:0071770	DIM/DIP cell wall layer assembly
GO:0071771	aldehyde oxygenase (deformylating) activity
GO:0071944	cell periphery
GO:0071949	FAD binding
GO:0071972	peptidoglycan L,D-transpeptidase activity
GO:0072330	monocarboxylic acid biosynthetic process
GO:0072341	modified amino acid binding
GO:0072344	rescue of stalled cytosolic ribosome
GO:0072522	purine-containing compound biosynthetic process
GO:0072593	reactive oxygen species metabolic process
GO:0080120	CAAX-box protein maturation
GO:0080153	negative regulation of reductive pentose-phosphate cycle
GO:0090071	negative regulation of ribosome biogenesis
GO:0090471	9,15,9'-tri-cis-zeta-carotene isomerase activity
GO:0090529	cell septum assembly
GO:0090609	single-species submerged biofilm formation
GO:0090729	toxin activity
GO:0097167	circadian regulation of translation
GO:0097173	N-acetylmuramic acid catabolic process
GO:0097175	1,6-anhydro-N-acetyl-beta-muramic acid catabolic process
GO:0097268	cytoophidium
GO:0097363	protein O-acetylglucosaminyltransferase activity
GO:0097367	carbohydrate derivative binding
GO:0098046	type V protein secretion system complex
GO:0098552	side of membrane
GO:0098590	plasma membrane region
GO:0098719	sodium ion import across plasma membrane
GO:0098772	molecular function regulator activity
GO:0098776	protein transport across the cell outer membrane
GO:0098796	membrane protein complex
GO:0099621	undecaprenyl-phosphate 4-deoxy-4-formamido-L-arabinose transferase activity
GO:0101006	protein histidine phosphatase activity
GO:0102067	geranylgeranyl diphosphate reductase activity
GO:0102559	peptide chain release factor N(5)-glutamine methyltransferase activity
GO:0103012	ferredoxin-thioredoxin reductase activity
GO:0103016	tRNA-uridine 2-sulfurtransferase activity
GO:0103039	protein methylthiotransferase activity
GO:0103068	GO:0103068
GO:0103117	UDP-3-O-acyl-N-acetylglucosamine deacetylase activity
GO:0103118	UDP-3-O-[(3R)-3-hydroxyacyl]-glucosamine N-acyltransferase activity
GO:0106026	Gly-tRNA(Ala) deacylase activity
GO:0106141	flavin prenyltransferase activity
GO:0106300	protein-DNA covalent cross-linking repair
GO:0106310	protein serine kinase activity
GO:0106312	methylenetetrahydrofolate reductase (NADH) activity
GO:0106339	tRNA (cytidine(32)-2'-O-ribose)-methyltransferase activity
GO:0106408	diadenylate cyclase activity
GO:0106430	dihydroorotate dehydrogenase (quinone) activity
GO:0110001	toxin-antitoxin complex
GO:0110051	metabolite repair
GO:0110102	ribulose bisphosphate carboxylase complex assembly
GO:0110142	ubiquinone biosynthesis complex
GO:0110153	RNA NAD-cap (NMN-forming) hydrolase activity
GO:0110154	RNA decapping
GO:0110165	cellular anatomical structure
GO:0120159	rRNA pseudouridine synthase activity
GO:0120545	nucleic acid conformation isomerase activity
GO:0120558	lysophospholipase A1 activity
GO:0120568	(R)-2-hydroxyglutarate (NAD+) dehydrogenase activity
GO:0120569	phospholipase activity
GO:0140078	class I DNA-(apurinic or apyrimidinic site) endonuclease activity
GO:0140096	catalytic activity, acting on a protein
GO:0140097	catalytic activity, acting on DNA
GO:0140098	catalytic activity, acting on RNA
GO:0140104	molecular carrier activity
GO:0140110	transcription regulator activity
GO:0140282	carbon-nitrogen ligase activity on lipid II
GO:0140299	molecular sensor activity
GO:0140359	ABC-type transporter activity
GO:0140535	intracellular protein-containing complex
GO:0140581	P-type monovalent copper transporter activity
GO:0140640	catalytic activity, acting on a nucleic acid
GO:0140647	P450-containing electron transport chain
GO:0140657	ATP-dependent activity
GO:0140662	ATP-dependent protein folding chaperone
GO:0140663	ATP-dependent FeS chaperone activity
GO:0140664	ATP-dependent DNA damage sensor activity
GO:0140824	thioredoxin-dependent peroxiredoxin activity
GO:0141093	5-amino-6-(D-ribitylamino)uracil--L-tyrosine 4-hydroxyphenyl transferase activity
GO:0141098	tRNA (cytidine(34)-2'-O-ribose)-methyltransferase activity
GO:0141102	tRNA (5-carboxymethylaminomethyluridine(34)-2'-O-ribose)-methyltransferase activity
GO:0141152	glycerol-3-phosphate dehydrogenase (NAD+) activity
GO:0141153	glycerol-3-phosphate dehydrogenase (NADP+) activity
GO:0160147	tRNA pseudouridine(38-40) synthase activity
GO:0160148	tRNA pseudouridine(55) synthase activity
GO:0160206	tRNA (cytidine(32)/uridine(32)-2'-O-ribose)-methyltransferase activity
GO:0160237	D-Ala-D-Ala dipeptidase activity
GO:0160307	protein biosynthetic process
GO:0170057	RNA ligase (GTP) activity
GO:1900376	regulation of secondary metabolite biosynthetic process
GO:1900753	doxorubicin transport
GO:1901031	regulation of response to reactive oxygen species
GO:1901072	glucosamine-containing compound catabolic process
GO:1901135	carbohydrate derivative metabolic process
GO:1901137	carbohydrate derivative biosynthetic process
GO:1901271	lipooligosaccharide biosynthetic process
GO:1901293	nucleoside phosphate biosynthetic process
GO:1901335	lactone catabolic process
GO:1901359	tungstate binding
GO:1901605	GO:1901605
GO:1901663	quinone biosynthetic process
GO:1901678	iron coordination entity transport
GO:1901681	sulfur compound binding
GO:1901891	regulation of cell septum assembly
GO:1901982	maltose binding
GO:1902000	homogentisate catabolic process
GO:1902021	regulation of bacterial-type flagellum-dependent cell motility
GO:1902358	sulfate transmembrane transport
GO:1902494	catalytic complex
GO:1902495	transmembrane transporter complex
GO:1902600	proton transmembrane transport
GO:1903806	L-isoleucine import across plasma membrane
GO:1904047	S-adenosyl-L-methionine binding
GO:1904680	peptide transmembrane transporter activity
GO:1905039	carboxylic acid transmembrane transport
GO:1990060	maltose transport complex
GO:1990077	primosome complex
GO:1990103	DnaA-HU complex
GO:1990107	thiazole synthase activity
GO:1990112	RQC complex
GO:1990133	molybdopterin adenylyltransferase complex
GO:1990178	HU-DNA complex
GO:1990189	protein N-terminal-serine acetyltransferase activity
GO:1990195	macrolide transmembrane transporter complex
GO:1990281	efflux pump complex
GO:1990351	transporter complex
GO:1990481	mRNA pseudouridine synthesis
GO:1990573	potassium ion import across plasma membrane
GO:1990610	acetolactate synthase regulator activity
GO:1990837	sequence-specific double-stranded DNA binding
GO:1990904	ribonucleoprotein complex
GO:1990961	xenobiotic detoxification by transmembrane export across the plasma membrane
GO:2000146	negative regulation of cell motility
GO:2001141	regulation of RNA biosynthetic process
GO:2001295	malonyl-CoA biosynthetic process
